Project,Batch,Sample,Harvest_ID,Tissue,filename,Number of Reads,Band_ID,Color_ID,Class,Lek,Date,Capture,Blood,Kill,Brain,Pituitary,Gonads,ind.n
Ryder_144_RNAseq,run1,PFT3_GON,PFT3,GON,PFT3_GON_TGGATCGA-GTGCGATA_run1,"25,299,167",BR-5268,MX/GP,DCB floater ,GL,8-Jan-17,7:54,8:05,8:05,8:11,8:12,8:15,A
Ryder_144_RNAseq,run1,PFT3_POM,PFT3,POM,PFT3_POM_CAAGCTAG-ACATAGCG_run1,"19,988,071",BR-5268,MX/GP,DCB floater ,GL,8-Jan-17,7:54,8:05,8:05,8:11,8:12,8:15,A
Ryder_144_RNAseq,run1,PFT3_TNA,PFT3,TNA,PFT3_TNA_GCTTGTCA-GAACATAC_run1,"19,404,561",BR-5268,MX/GP,DCB floater ,GL,8-Jan-17,7:54,8:05,8:05,8:11,8:12,8:15,A
Ryder_144_RNAseq_2,run2,PFT3_AH,PFT3,AH,PFT3_AH_GTGTCGGA-GCTTGCGC_run2,"19,149,207",BR-5268,MX/GP,DCB floater ,GL,8-Jan-17,7:54,8:05,8:05,8:11,8:12,8:15,A
Ryder_144_RNAseq_2,run2,PFT3_AI,PFT3,AI,PFT3_AI_ACACTAAG-ATCCATAT_run2,"8,689,632",BR-5268,MX/GP,DCB floater ,GL,8-Jan-17,7:54,8:05,8:05,8:11,8:12,8:15,A
Ryder_144_RNAseq_2,run2,PFT3_BSTm,PFT3,BSTm,PFT3_BSTm_GACCTGAA-TTGGTGAG_run2,"19,608,403",BR-5268,MX/GP,DCB floater ,GL,8-Jan-17,7:54,8:05,8:05,8:11,8:12,8:15,A
Ryder_144_RNAseq_2,run2,PFT3_GCT,PFT3,GCT,PFT3_GCT_CTAGCGCT-GTGTAGAC_run2,"24,498,531",BR-5268,MX/GP,DCB floater ,GL,8-Jan-17,7:54,8:05,8:05,8:11,8:12,8:15,A
Ryder_144_RNAseq_2,run2,PFT3_ICO,PFT3,ICO,PFT3_ICO_AGTTCAGG-CCAACAGA_run2,"18,416,362",BR-5268,MX/GP,DCB floater ,GL,8-Jan-17,7:54,8:05,8:05,8:11,8:12,8:15,A
Ryder_144_RNAseq_2,run2,PFT3_LS,PFT3,LS,PFT3_LS_TCTCTACT-CGCGGTTC_run2,"23,492,522",BR-5268,MX/GP,DCB floater ,GL,8-Jan-17,7:54,8:05,8:05,8:11,8:12,8:15,A
Ryder_144_RNAseq_2,run2,PFT3_PIT,PFT3,PIT,PFT3_PIT_CCAAGTCT-AAGGATGA_run2,"21,442,890",BR-5268,MX/GP,DCB floater ,GL,8-Jan-17,7:54,8:05,8:05,8:11,8:12,8:15,A
Ryder_144_RNAseq_2,run2,PFT3_PVN,PFT3,PVN,PFT3_PVN_TTCCTGTT-AGTATCTT_run2,"22,918,210",BR-5268,MX/GP,DCB floater ,GL,8-Jan-17,7:54,8:05,8:05,8:11,8:12,8:15,A
Ryder_144_RNAseq_2,run2,PFT3_VMH,PFT3,VMH,PFT3_VMH_CTCTCGTC-TATAACCT_run2,"20,881,244",BR-5268,MX/GP,DCB floater ,GL,8-Jan-17,7:54,8:05,8:05,8:11,8:12,8:15,A
Ryder_144_RNAseq,run1,PFT5_AI,PFT5,AI,PFT5_AI_CCGTGAAG-CAGTGGAT_run1,"22,979,659",BR-5380,MG/YX,DCB floater ,Al Rio,12-Jan-17,8:29,9:02,9:08,9:12,9:14,9:16,B
Ryder_144_RNAseq,run1,PFT5_GCT,PFT5,GCT,PFT5_GCT_GGCATTCT-CTAGCTTG_run1,"19,942,044",BR-5380,MG/YX,DCB floater ,Al Rio,12-Jan-17,8:29,9:02,9:08,9:12,9:14,9:16,B
Ryder_144_RNAseq,run1,PFT5_GON,PFT5,GON,PFT5_GON_AGCCTCAT-AGTAGAGA_run1,"26,788,439",BR-5380,MG/YX,DCB floater ,Al Rio,12-Jan-17,8:29,9:02,9:08,9:12,9:14,9:16,B
Ryder_144_RNAseq,run1,PFT5_PIT,PFT5,PIT,PFT5_PIT_CGTTAGAA-TTCAGGTC_run1,"19,332,045",BR-5380,MG/YX,DCB floater ,Al Rio,12-Jan-17,8:29,9:02,9:08,9:12,9:14,9:16,B
Ryder_144_RNAseq,run1,PFT5_POM,PFT5,POM,PFT5_POM_TACCGAGG-CCTGAACT_run1,"21,379,723",BR-5380,MG/YX,DCB floater ,Al Rio,12-Jan-17,8:29,9:02,9:08,9:12,9:14,9:16,B
Ryder_144_RNAseq,run1,PFT5_TNA,PFT5,TNA,PFT5_TNA_TTACAGGA-TGACAAGC_run1,"26,190,796",BR-5380,MG/YX,DCB floater ,Al Rio,12-Jan-17,8:29,9:02,9:08,9:12,9:14,9:16,B
Ryder_144_RNAseq,run1,PFT5_VMH,PFT5,VMH,PFT5_VMH_AATGCCTC-TCGATCCA_run1,"20,100,343",BR-5380,MG/YX,DCB floater ,Al Rio,12-Jan-17,8:29,9:02,9:08,9:12,9:14,9:16,B
Ryder_144_RNAseq_2,run2,PFT5_AH,PFT5,AH,PFT5_AH_GCCACAGG-CATGCCAT_run2,"19,030,162",BR-5380,MG/YX,DCB floater ,Al Rio,12-Jan-17,8:29,9:02,9:08,9:12,9:14,9:16,B
Ryder_144_RNAseq_2,run2,PFT5_BSTm,PFT5,BSTm,PFT5_BSTm_TTACAGGA-TGACAAGC_run2,"20,772,627",BR-5380,MG/YX,DCB floater ,Al Rio,12-Jan-17,8:29,9:02,9:08,9:12,9:14,9:16,B
Ryder_144_RNAseq_2,run2,PFT5_ICO,PFT5,ICO,PFT5_ICO_CCGTGAAG-CAGTGGAT_run2,"19,053,193",BR-5380,MG/YX,DCB floater ,Al Rio,12-Jan-17,8:29,9:02,9:08,9:12,9:14,9:16,B
Ryder_144_RNAseq_2,run2,PFT5_LS,PFT5,LS,PFT5_LS_GGCATTCT-CTAGCTTG_run2,"26,150,237",BR-5380,MG/YX,DCB floater ,Al Rio,12-Jan-17,8:29,9:02,9:08,9:12,9:14,9:16,B
Ryder_144_RNAseq_2,run2,PFT5_PVN,PFT5,PVN,PFT5_PVN_AATGCCTC-TCGATCCA_run2,"20,913,689",BR-5380,MG/YX,DCB floater ,Al Rio,12-Jan-17,8:29,9:02,9:08,9:12,9:14,9:16,B
Ryder_144_RNAseq,run1,PFT6_AI,PFT6,AI,PFT6_AI_TGCGGCGT-CCTCGGTA_run1,"23,118,090",BR-5167,OB/WX,DCB floater ,Huaira,14-Jan-17,9:35,9:58,10:00,10:03,10:04,10:06,C
Ryder_144_RNAseq,run1,PFT6_GCT,PFT6,GCT,PFT6_GCT_GATCTATC-ATGAGGCT_run1,"21,719,323",BR-5167,OB/WX,DCB floater ,Huaira,14-Jan-17,9:35,9:58,10:00,10:03,10:04,10:06,C
Ryder_144_RNAseq,run1,PFT6_GON,PFT6,GON,PFT6_GON_CCATTCGA-GTTGTCCG_run1,"18,703,004",BR-5167,OB/WX,DCB floater ,Huaira,14-Jan-17,9:35,9:58,10:00,10:03,10:04,10:06,C
Ryder_144_RNAseq,run1,PFT6_ICO,PFT6,ICO,PFT6_ICO_AGCTCGCT-GCAGAATC_run1,"26,102,662",BR-5167,OB/WX,DCB floater ,Huaira,14-Jan-17,9:35,9:58,10:00,10:03,10:04,10:06,C
Ryder_144_RNAseq,run1,PFT6_PIT,PFT6,PIT,PFT6_PIT_TTGCCTAG-ACCACTTA_run1,"25,439,167",BR-5167,OB/WX,DCB floater ,Huaira,14-Jan-17,9:35,9:58,10:00,10:03,10:04,10:06,C
Ryder_144_RNAseq,run1,PFT6_POM,PFT6,POM,PFT6_POM_TAAGGTCA-TGTCGTAG_run1,"24,954,016",BR-5167,OB/WX,DCB floater ,Huaira,14-Jan-17,9:35,9:58,10:00,10:03,10:04,10:06,C
Ryder_144_RNAseq,run1,PFT6_TNA,PFT6,TNA,PFT6_TNA_CATAATAC-TTCTAACG_run1,"25,946,489",BR-5167,OB/WX,DCB floater ,Huaira,14-Jan-17,9:35,9:58,10:00,10:03,10:04,10:06,C
Ryder_144_RNAseq,run1,PFT6_VMH,PFT6,VMH,PFT6_VMH_CGGAACTG-CACTACGA_run1,"22,313,174",BR-5167,OB/WX,DCB floater ,Huaira,14-Jan-17,9:35,9:58,10:00,10:03,10:04,10:06,C
Ryder_144_RNAseq_2,run2,PFT6_AH,PFT6,AH,PFT6_AH_ATATCTCG-ATCTTAGT_run2,"12,401,000",BR-5167,OB/WX,DCB floater ,Huaira,14-Jan-17,9:35,9:58,10:00,10:03,10:04,10:06,C
Ryder_144_RNAseq_2,run2,PFT6_BSTm,PFT6,BSTm,PFT6_BSTm_GTTCCAAT-AATTCTGC_run2,"26,148,177",BR-5167,OB/WX,DCB floater ,Huaira,14-Jan-17,9:35,9:58,10:00,10:03,10:04,10:06,C
Ryder_144_RNAseq_2,run2,PFT6_LS,PFT6,LS,PFT6_LS_ACCTTGGC-GGCCTCAT_run2,"21,533,756",BR-5167,OB/WX,DCB floater ,Huaira,14-Jan-17,9:35,9:58,10:00,10:03,10:04,10:06,C
Ryder_144_RNAseq_2,run2,PFT6_PVN,PFT6,PVN,PFT6_PVN_GCGCTCTA-GCTCCGAC_run2,"23,511,997",BR-5167,OB/WX,DCB floater ,Huaira,14-Jan-17,9:35,9:58,10:00,10:03,10:04,10:06,C
Ryder_144_RNAseq,run1,PFT1_AI,PFT1,AI,PFT1_AI_CCGCGGTT-AGCGCTAG_run1,"25,637,079",BR-5095,OX/YP,DCB territorial,Lago,7-Jan-17,7:12,7:23,7:28,7:32,7:34,7:37,A
Ryder_144_RNAseq,run1,PFT1_GON,PFT1,GON,PFT1_GON_ATCCACTG-AGGTGCGT_run1,"20,957,461",BR-5095,OX/YP,DCB territorial,Lago,7-Jan-17,7:12,7:23,7:28,7:32,7:34,7:37,A
Ryder_144_RNAseq,run1,PFT1_PIT,PFT1,PIT,PFT1_PIT_AAGTCCAA-TATGAGTA_run1,"19,559,948",BR-5095,OX/YP,DCB territorial,Lago,7-Jan-17,7:12,7:23,7:28,7:32,7:34,7:37,A
Ryder_144_RNAseq,run1,PFT1_POM,PFT1,POM,PFT1_POM_GGACTTGG-CGCAGACG_run1,"19,207,955",BR-5095,OX/YP,DCB territorial,Lago,7-Jan-17,7:12,7:23,7:28,7:32,7:34,7:37,A
Ryder_144_RNAseq,run1,PFT1_VMH,PFT1,VMH,PFT1_VMH_TTATAACC-GATATCGA_run1,"21,586,581",BR-5095,OX/YP,DCB territorial,Lago,7-Jan-17,7:12,7:23,7:28,7:32,7:34,7:37,A
Ryder_144_RNAseq_2,run2,PFT1_AH,PFT1,AH,PFT1_AH_CGTCTGCG-TTCACAAT_run2,"22,735,340",BR-5095,OX/YP,DCB territorial,Lago,7-Jan-17,7:12,7:23,7:28,7:32,7:34,7:37,A
Ryder_144_RNAseq_2,run2,PFT1_BSTm,PFT1,BSTm,PFT1_BSTm_ACGCACCT-GGTGAAGG_run2,"19,844,961",BR-5095,OX/YP,DCB territorial,Lago,7-Jan-17,7:12,7:23,7:28,7:32,7:34,7:37,A
Ryder_144_RNAseq_2,run2,PFT1_GCT,PFT1,GCT,PFT1_GCT_CGCTATGT-TCCGACAC_run2,"22,160,011",BR-5095,OX/YP,DCB territorial,Lago,7-Jan-17,7:12,7:23,7:28,7:32,7:34,7:37,A
Ryder_144_RNAseq_2,run2,PFT1_ICO,PFT1,ICO,PFT1_ICO_GTATGTTC-AACAGGAA_run2,"20,478,418",BR-5095,OX/YP,DCB territorial,Lago,7-Jan-17,7:12,7:23,7:28,7:32,7:34,7:37,A
Ryder_144_RNAseq_2,run2,PFT1_LS,PFT1,LS,PFT1_LS_TACTCATA-CCTGTGGC_run2,"20,140,442",BR-5095,OX/YP,DCB territorial,Lago,7-Jan-17,7:12,7:23,7:28,7:32,7:34,7:37,A
Ryder_144_RNAseq_2,run2,PFT1_PVN,PFT1,PVN,PFT1_PVN_TCGATATC-ACACGAGT_run2,"22,194,475",BR-5095,OX/YP,DCB territorial,Lago,7-Jan-17,7:12,7:23,7:28,7:32,7:34,7:37,A
Ryder_144_RNAseq_2,run2,PFT1_TNA,PFT1,TNA,PFT1_TNA_TATCGCAC-CTTAGTGT_run2,"19,904,437",BR-5095,OX/YP,DCB territorial,Lago,7-Jan-17,7:12,7:23,7:28,7:32,7:34,7:37,A
Ryder_144_RNAseq,run1,PFT10_AI,PFT10,AI,PFT10_AI_ACACTAAG-ATCCATAT_run1,"22,551,862",BR-5183,OM/GX,DCB territorial,P75,9-Jan-18,NA,2:06,2:06,2:10,2:11,2:14,B
Ryder_144_RNAseq,run1,PFT10_GCT,PFT10,GCT,PFT10_GCT_TTCCTGTT-AGTATCTT_run1,"25,202,896",BR-5183,OM/GX,DCB territorial,P75,9-Jan-18,NA,2:06,2:06,2:10,2:11,2:14,B
Ryder_144_RNAseq,run1,PFT10_GON,PFT10,GON,PFT10_GON_GTCTACAC-GCCAAGGT_run1,"21,102,566",BR-5183,OM/GX,DCB territorial,P75,9-Jan-18,NA,2:06,2:06,2:10,2:11,2:14,B
Ryder_144_RNAseq,run1,PFT10_ICO,PFT10,ICO,PFT10_ICO_CCTTCACC-GACGCTCC_run1,"23,423,648",BR-5183,OM/GX,DCB territorial,P75,9-Jan-18,NA,2:06,2:06,2:10,2:11,2:14,B
Ryder_144_RNAseq,run1,PFT10_POM,PFT10,POM,PFT10_POM_ATTGTGAA-TGCATTGC_run1,"21,835,015",BR-5183,OM/GX,DCB territorial,P75,9-Jan-18,NA,2:06,2:06,2:10,2:11,2:14,B
Ryder_144_RNAseq,run1,PFT10_TNA,PFT10,TNA,PFT10_TNA_GTGTCGGA-GCTTGCGC_run1,"21,382,057",BR-5183,OM/GX,DCB territorial,P75,9-Jan-18,NA,2:06,2:06,2:10,2:11,2:14,B
Ryder_144_RNAseq,run1,PFT10_VMH,PFT10,VMH,PFT10_VMH_GCCACAGG-CATGCCAT_run1,"21,002,219",BR-5183,OM/GX,DCB territorial,P75,9-Jan-18,NA,2:06,2:06,2:10,2:11,2:14,B
Ryder_144_RNAseq_2,run2,PFT10_AH,PFT10,AH,PFT10_AH_GAACCGCG-TGACCTTA_run2,"20,792,386",BR-5183,OM/GX,DCB territorial,P75,9-Jan-18,NA,2:06,2:06,2:10,2:11,2:14,B
Ryder_144_RNAseq_2,run2,PFT10_BSTm,PFT10,BSTm,PFT10_BSTm_AACAGGTT-ATACCAAG_run2,"27,805,752",BR-5183,OM/GX,DCB territorial,P75,9-Jan-18,NA,2:06,2:06,2:10,2:11,2:14,B
Ryder_144_RNAseq_2,run2,PFT10_LS,PFT10,LS,PFT10_LS_GGTGAACC-GCGTTGGA_run2,"19,754,429",BR-5183,OM/GX,DCB territorial,P75,9-Jan-18,NA,2:06,2:06,2:10,2:11,2:14,B
Ryder_144_RNAseq_2,run2,PFT10_PIT,PFT10,PIT,PFT10_PIT_ACTCGTGT-ATTGGAAC_run2,"20,643,234",BR-5183,OM/GX,DCB territorial,P75,9-Jan-18,NA,2:06,2:06,2:10,2:11,2:14,B
Ryder_144_RNAseq_2,run2,PFT10_PVN,PFT10,PVN,PFT10_PVN_CAACAATG-CTTCACGG_run2,"22,297,172",BR-5183,OM/GX,DCB territorial,P75,9-Jan-18,NA,2:06,2:06,2:10,2:11,2:14,B
Ryder_144_RNAseq,run1,PFT12_AI,PFT12,AI,PFT12_AI_ATATGGAT-CTGTATTA_run1,"22,109,022",BR-5399,YO/GX,DCB territorial,P1050,17-Jan-18,11:09,11:15,11:18,11:23,11:24,11:26,C
Ryder_144_RNAseq,run1,PFT12_GCT,PFT12,GCT,PFT12_GCT_AAGATACT-ACTTACAT_run1,"23,884,288",BR-5399,YO/GX,DCB territorial,P1050,17-Jan-18,11:09,11:15,11:18,11:23,11:24,11:26,C
Ryder_144_RNAseq,run1,PFT12_GON,PFT12,GON,PFT12_GON_ACCTTGGC-GGCCTCAT_run1,"18,760,252",BR-5399,YO/GX,DCB territorial,P1050,17-Jan-18,11:09,11:15,11:18,11:23,11:24,11:26,C
Ryder_144_RNAseq,run1,PFT12_ICO,PFT12,ICO,PFT12_ICO_GGAGCGTC-GTCCGTGC_run1,"23,092,324",BR-5399,YO/GX,DCB territorial,P1050,17-Jan-18,11:09,11:15,11:18,11:23,11:24,11:26,C
Ryder_144_RNAseq,run1,PFT12_PIT,PFT12,PIT,PFT12_PIT_GTTCCAAT-AATTCTGC_run1,"21,318,885",BR-5399,YO/GX,DCB territorial,P1050,17-Jan-18,11:09,11:15,11:18,11:23,11:24,11:26,C
Ryder_144_RNAseq,run1,PFT12_POM,PFT12,POM,PFT12_POM_GCAATGCA-GGAACGTT_run1,"21,718,098",BR-5399,YO/GX,DCB territorial,P1050,17-Jan-18,11:09,11:15,11:18,11:23,11:24,11:26,C
Ryder_144_RNAseq,run1,PFT12_TNA,PFT12,TNA,PFT12_TNA_GCGCAAGC-TCACGCCG_run1,"21,521,174",BR-5399,YO/GX,DCB territorial,P1050,17-Jan-18,11:09,11:15,11:18,11:23,11:24,11:26,C
Ryder_144_RNAseq,run1,PFT12_VMH,PFT12,VMH,PFT12_VMH_ATGGCATG-AAGGTACC_run1,"21,642,609",BR-5399,YO/GX,DCB territorial,P1050,17-Jan-18,11:09,11:15,11:18,11:23,11:24,11:26,C
Ryder_144_RNAseq_2,run2,PFT12_AH,PFT12,AH,PFT12_AH_ATATGGAT-CTGTATTA_run2,"21,437,106",BR-5399,YO/GX,DCB territorial,P1050,17-Jan-18,11:09,11:15,11:18,11:23,11:24,11:26,C
Ryder_144_RNAseq_2,run2,PFT12_BSTm,PFT12,BSTm,PFT12_BSTm_TAAGTGGT-CTTAAGCC_run2,"22,902,493",BR-5399,YO/GX,DCB territorial,P1050,17-Jan-18,11:09,11:15,11:18,11:23,11:24,11:26,C
Ryder_144_RNAseq_2,run2,PFT12_LS,PFT12,LS,PFT12_LS_CGGACAAC-TCCGGATT_run2,"17,731,541",BR-5399,YO/GX,DCB territorial,P1050,17-Jan-18,11:09,11:15,11:18,11:23,11:24,11:26,C
Ryder_144_RNAseq_2,run2,PFT12_PVN,PFT12,PVN,PFT12_PVN_GCGCAAGC-TCACGCCG_run2,"21,658,783",BR-5399,YO/GX,DCB territorial,P1050,17-Jan-18,11:09,11:15,11:18,11:23,11:24,11:26,C
Ryder_144_RNAseq,run1,PFT2_AI,PFT2,AI,PFT2_AI_GGTACCTT-AAGACGTC_run1,"25,333,687",BR-5264,BR/OX,DCB territorial,GL,8-Jan-17,6:28,6:52,6:52,6:56,6:59,7:02,D
Ryder_144_RNAseq,run1,PFT2_GCT,PFT2,GCT,PFT2_GCT_GCAGAATT-ACCGGCCA_run1,"24,332,811",BR-5264,BR/OX,DCB territorial,GL,8-Jan-17,6:28,6:52,6:52,6:56,6:59,7:02,D
Ryder_144_RNAseq,run1,PFT2_GON,PFT2,GON,PFT2_GON_TCCAACGC-TTGGACTT_run1,"25,686,097",BR-5264,BR/OX,DCB territorial,GL,8-Jan-17,6:28,6:52,6:52,6:56,6:59,7:02,D
Ryder_144_RNAseq,run1,PFT2_ICO,PFT2,ICO,PFT2_ICO_ATGAGGCC-GTTAATTG_run1,"22,259,423",BR-5264,BR/OX,DCB territorial,GL,8-Jan-17,6:28,6:52,6:52,6:56,6:59,7:02,D
Ryder_144_RNAseq,run1,PFT2_PIT,PFT2,PIT,PFT2_PIT_CTTGGTAT-CCAAGTCC_run1,"26,975,959",BR-5264,BR/OX,DCB territorial,GL,8-Jan-17,6:28,6:52,6:52,6:56,6:59,7:02,D
Ryder_144_RNAseq,run1,PFT2_POM,PFT2,POM,PFT2_POM_GTCGGAGC-GGTTATAA_run1,"20,655,629",BR-5264,BR/OX,DCB territorial,GL,8-Jan-17,6:28,6:52,6:52,6:56,6:59,7:02,D
Ryder_144_RNAseq,run1,PFT2_TNA,PFT2,TNA,PFT2_TNA_AACGTTCC-GGAGTACT_run1,"22,128,426",BR-5264,BR/OX,DCB territorial,GL,8-Jan-17,6:28,6:52,6:52,6:56,6:59,7:02,D
Ryder_144_RNAseq,run1,PFT2_VMH,PFT2,VMH,PFT2_VMH_ACTAAGAT-AACCGCGG_run1,"23,651,727",BR-5264,BR/OX,DCB territorial,GL,8-Jan-17,6:28,6:52,6:52,6:56,6:59,7:02,D
Ryder_144_RNAseq_2,run2,PFT2_AH,PFT2,AH,PFT2_AH_CTTGGTAT-CCAAGTCC_run2,"25,443,235",BR-5264,BR/OX,DCB territorial,GL,8-Jan-17,6:28,6:52,6:52,6:56,6:59,7:02,D
Ryder_144_RNAseq_2,run2,PFT2_BSTm,PFT2,BSTm,PFT2_BSTm_ACTAAGAT-AACCGCGG_run2,"24,456,169",BR-5264,BR/OX,DCB territorial,GL,8-Jan-17,6:28,6:52,6:52,6:56,6:59,7:02,D
Ryder_144_RNAseq_2,run2,PFT2_LS,PFT2,LS,PFT2_LS_GTCGGAGC-GGTTATAA_run2,"18,701,708",BR-5264,BR/OX,DCB territorial,GL,8-Jan-17,6:28,6:52,6:52,6:56,6:59,7:02,D
Ryder_144_RNAseq_2,run2,PFT2_PVN,PFT2,PVN,PFT2_PVN_TCCAACGC-TTGGACTT_run2,"20,992,941",BR-5264,BR/OX,DCB territorial,GL,8-Jan-17,6:28,6:52,6:52,6:56,6:59,7:02,D
Ryder_144_RNAseq,run1,PFT4_AI,PFT4,AI,PFT4_AI_ATATCTCG-ATCTTAGT_run1,"26,548,509",BR-5208,OO/WX,DCB territorial,Al Rio,12-Jan-17,NA,8:56,8:57,9:02,9:03,9:05,E
Ryder_144_RNAseq,run1,PFT4_GCT,PFT4,GCT,PFT4_GCT_AACAGGTT-ATACCAAG_run1,"26,171,556",BR-5208,OO/WX,DCB territorial,Al Rio,12-Jan-17,NA,8:56,8:57,9:02,9:03,9:05,E
Ryder_144_RNAseq,run1,PFT4_GON,PFT4,GON,PFT4_GON_GAATGAGA-GAGGCATT_run1,"21,704,015",BR-5208,OO/WX,DCB territorial,Al Rio,12-Jan-17,NA,8:56,8:57,9:02,9:03,9:05,E
Ryder_144_RNAseq,run1,PFT4_ICO,PFT4,ICO,PFT4_ICO_GGTGAACC-GCGTTGGA_run1,"22,524,165",BR-5208,OO/WX,DCB territorial,Al Rio,12-Jan-17,NA,8:56,8:57,9:02,9:03,9:05,E
Ryder_144_RNAseq,run1,PFT4_PIT,PFT4,PIT,PFT4_PIT_AGGCAGAG-AGAATGCC_run1,"19,085,287",BR-5208,OO/WX,DCB territorial,Al Rio,12-Jan-17,NA,8:56,8:57,9:02,9:03,9:05,E
Ryder_144_RNAseq,run1,PFT4_POM,PFT4,POM,PFT4_POM_TGGTGGCA-TCCTGTAA_run1,"21,645,679",BR-5208,OO/WX,DCB territorial,Al Rio,12-Jan-17,NA,8:56,8:57,9:02,9:03,9:05,E
Ryder_144_RNAseq,run1,PFT4_TNA,PFT4,TNA,PFT4_TNA_GCGCTCTA-GCTCCGAC_run1,"23,279,621",BR-5208,OO/WX,DCB territorial,Al Rio,12-Jan-17,NA,8:56,8:57,9:02,9:03,9:05,E
Ryder_144_RNAseq,run1,PFT4_VMH,PFT4,VMH,PFT4_VMH_CAACAATG-CTTCACGG_run1,"21,699,968",BR-5208,OO/WX,DCB territorial,Al Rio,12-Jan-17,NA,8:56,8:57,9:02,9:03,9:05,E
Ryder_144_RNAseq_2,run2,PFT4_AH,PFT4,AH,PFT4_AH_ATGGCATG-AAGGTACC_run2,"22,159,627",BR-5208,OO/WX,DCB territorial,Al Rio,12-Jan-17,NA,8:56,8:57,9:02,9:03,9:05,E
Ryder_144_RNAseq_2,run2,PFT4_BSTm,PFT4,BSTm,PFT4_BSTm_AAGATACT-ACTTACAT_run2,"26,926,927",BR-5208,OO/WX,DCB territorial,Al Rio,12-Jan-17,NA,8:56,8:57,9:02,9:03,9:05,E
Ryder_144_RNAseq_2,run2,PFT4_LS,PFT4,LS,PFT4_LS_GGAGCGTC-GTCCGTGC_run2,"23,591,065",BR-5208,OO/WX,DCB territorial,Al Rio,12-Jan-17,NA,8:56,8:57,9:02,9:03,9:05,E
Ryder_144_RNAseq_2,run2,PFT4_PVN,PFT4,PVN,PFT4_PVN_GCAATGCA-GGAACGTT_run2,"21,545,997",BR-5208,OO/WX,DCB territorial,Al Rio,12-Jan-17,NA,8:56,8:57,9:02,9:03,9:05,E
Ryder_144_RNAseq,run1,PFT7_AI,PFT7,AI,PFT7_AI_AGTTCAGG-CCAACAGA_run1,"22,991,504",BR-5128,WO/PX,DCB territorial,H3-1000,16-Jan-17,15:40,16:01,16:05,16:10,16:11,16:13,F
Ryder_144_RNAseq,run1,PFT7_GON,PFT7,GON,PFT7_GON_GGCTTAAG-TCGTGACC_run1,"19,470,555",BR-5128,WO/PX,DCB territorial,H3-1000,16-Jan-17,15:40,16:01,16:05,16:10,16:11,16:13,F
Ryder_144_RNAseq,run1,PFT7_ICO,PFT7,ICO,PFT7_ICO_TCTCTACT-CGCGGTTC_run1,"21,245,614",BR-5128,WO/PX,DCB territorial,H3-1000,16-Jan-17,15:40,16:01,16:05,16:10,16:11,16:13,F
Ryder_144_RNAseq,run1,PFT7_PIT,PFT7,PIT,PFT7_PIT_TTGGACTC-GGAAGCAG_run1,"20,005,534",BR-5128,WO/PX,DCB territorial,H3-1000,16-Jan-17,15:40,16:01,16:05,16:10,16:11,16:13,F
Ryder_144_RNAseq,run1,PFT7_POM,PFT7,POM,PFT7_POM_CCAAGTCT-AAGGATGA_run1,"24,247,559",BR-5128,WO/PX,DCB territorial,H3-1000,16-Jan-17,15:40,16:01,16:05,16:10,16:11,16:13,F
Ryder_144_RNAseq,run1,PFT7_TNA,PFT7,TNA,PFT7_TNA_GACCTGAA-TTGGTGAG_run1,"19,607,901",BR-5128,WO/PX,DCB territorial,H3-1000,16-Jan-17,15:40,16:01,16:05,16:10,16:11,16:13,F
Ryder_144_RNAseq,run1,PFT7_VMH,PFT7,VMH,PFT7_VMH_CTCTCGTC-TATAACCT_run1,"20,559,079",BR-5128,WO/PX,DCB territorial,H3-1000,16-Jan-17,15:40,16:01,16:05,16:10,16:11,16:13,F
Ryder_144_RNAseq_2,run2,PFT7_AH,PFT7,AH,PFT7_AH_TAATACAG-ATATTCAC_run2,"19,486,810",BR-5128,WO/PX,DCB territorial,H3-1000,16-Jan-17,15:40,16:01,16:05,16:10,16:11,16:13,F
Ryder_144_RNAseq_2,run2,PFT7_BSTm,PFT7,BSTm,PFT7_BSTm_GGCTTAAG-TCGTGACC_run2,"18,480,724",BR-5128,WO/PX,DCB territorial,H3-1000,16-Jan-17,15:40,16:01,16:05,16:10,16:11,16:13,F
Ryder_144_RNAseq_2,run2,PFT7_GCT,PFT7,GCT,PFT7_GCT_TTGGACTC-GGAAGCAG_run2,"21,364,552",BR-5128,WO/PX,DCB territorial,H3-1000,16-Jan-17,15:40,16:01,16:05,16:10,16:11,16:13,F
Ryder_144_RNAseq_2,run2,PFT7_LS,PFT7,LS,PFT7_LS_AATCCGGA-CTACAGTT_run2,"21,462,438",BR-5128,WO/PX,DCB territorial,H3-1000,16-Jan-17,15:40,16:01,16:05,16:10,16:11,16:13,F
Ryder_144_RNAseq_2,run2,PFT7_PVN,PFT7,PVN,PFT7_PVN_CGGCGTGA-GCGCCTGT_run2,"21,330,797",BR-5128,WO/PX,DCB territorial,H3-1000,16-Jan-17,15:40,16:01,16:05,16:10,16:11,16:13,F
Ryder_144_RNAseq,run1,PFT8_AI,PFT8,AI,PFT8_AI_GATTCTGC-GACGAGAG_run1,"22,370,675",BR-5368,YM/BX,DCB territorial,Al Rio,6-Jan-18,7:49,8:22,8:25,8:29,8:31,8:33,G
Ryder_144_RNAseq,run1,PFT8_GCT,PFT8,GCT,PFT8_GCT_TCGTAGTG-AGACTTGG_run1,"23,065,834",BR-5368,YM/BX,DCB territorial,Al Rio,6-Jan-18,7:49,8:22,8:25,8:29,8:31,8:33,G
Ryder_144_RNAseq,run1,PFT8_GON,PFT8,GON,PFT8_GON_CGGACAAC-TCCGGATT_run1,"19,208,389",BR-5368,YM/BX,DCB territorial,Al Rio,6-Jan-18,7:49,8:22,8:25,8:29,8:31,8:33,G
Ryder_144_RNAseq,run1,PFT8_POM,PFT8,POM,PFT8_POM_TAAGTGGT-CTTAAGCC_run1,"23,233,639",BR-5368,YM/BX,DCB territorial,Al Rio,6-Jan-18,7:49,8:22,8:25,8:29,8:31,8:33,G
Ryder_144_RNAseq,run1,PFT8_VMH,PFT8,VMH,PFT8_VMH_CTACGACA-GAGTCCAA_run1,"23,389,549",BR-5368,YM/BX,DCB territorial,Al Rio,6-Jan-18,7:49,8:22,8:25,8:29,8:31,8:33,G
Ryder_144_RNAseq_2,run2,PFT8_AH,PFT8,AH,PFT8_AH_ATTGTGAA-TGCATTGC_run2,"19,603,110",BR-5368,YM/BX,DCB territorial,Al Rio,6-Jan-18,7:49,8:22,8:25,8:29,8:31,8:33,G
Ryder_144_RNAseq_2,run2,PFT8_BSTm,PFT8,BSTm,PFT8_BSTm_AGCCTCAT-AGTAGAGA_run2,"27,808,709",BR-5368,YM/BX,DCB territorial,Al Rio,6-Jan-18,7:49,8:22,8:25,8:29,8:31,8:33,G
Ryder_144_RNAseq_2,run2,PFT8_ICO,PFT8,ICO,PFT8_ICO_CGTTAGAA-TTCAGGTC_run2,"22,471,338",BR-5368,YM/BX,DCB territorial,Al Rio,6-Jan-18,7:49,8:22,8:25,8:29,8:31,8:33,G
Ryder_144_RNAseq_2,run2,PFT8_LS,PFT8,LS,PFT8_LS_GATTCTGC-GACGAGAG_run2,"22,584,429",BR-5368,YM/BX,DCB territorial,Al Rio,6-Jan-18,7:49,8:22,8:25,8:29,8:31,8:33,G
Ryder_144_RNAseq_2,run2,PFT8_PIT,PFT8,PIT,PFT8_PIT_CTACGACA-GAGTCCAA_run2,"19,106,958",BR-5368,YM/BX,DCB territorial,Al Rio,6-Jan-18,7:49,8:22,8:25,8:29,8:31,8:33,G
Ryder_144_RNAseq_2,run2,PFT8_PVN,PFT8,PVN,PFT8_PVN_TCGTAGTG-AGACTTGG_run2,"23,354,115",BR-5368,YM/BX,DCB territorial,Al Rio,6-Jan-18,7:49,8:22,8:25,8:29,8:31,8:33,G
Ryder_144_RNAseq_2,run2,PFT8_TNA,PFT8,TNA,PFT8_TNA_TACCGAGG-CCTGAACT_run2,"21,328,524",BR-5368,YM/BX,DCB territorial,Al Rio,6-Jan-18,7:49,8:22,8:25,8:29,8:31,8:33,G
Ryder_144_RNAseq_2,run2,TT1_GON,TT1,GON,TT1_GON_CTGCTTCC-GATAGATC_run2,"15,485,248",BR-5193,GX/MW,DCB territorial,P1900,20-Dec-15,9:30,9:43,9:44,9:50,9:53,9:54,H
Ryder_144_RNAseq_2,run2,TT1_TNA,TT1,TNA,TT1_TNA_GATCTATC-ATGAGGCT_run2,"18,698,090",BR-5193,GX/MW,DCB territorial,P1900,20-Dec-15,9:30,9:43,9:44,9:50,9:53,9:54,H
Ryder_144_RNAseq_2,run2,TT1_VMH,TT1,VMH,TT1_VMH_TAAGGTCA-TGTCGTAG_run2,"19,732,071",BR-5193,GX/MW,DCB territorial,P1900,20-Dec-15,9:30,9:43,9:44,9:50,9:53,9:54,H
Ryder_RNAseq,pilot,TT1_AI,TT1,AI,TT1_AI_TCTCGCGC-CAGGACGT_pilot,"20,218,814",BR-5193,GX/MW,DCB territorial,P1900,20-Dec-15,9:30,9:43,9:44,9:50,9:53,9:54,H
Ryder_RNAseq,pilot,TT1_BSTM,TT1,BSTm,TT1_BSTM_TCTCGCGC-CCTATCCT_pilot,"23,459,337",BR-5193,GX/MW,DCB territorial,P1900,20-Dec-15,9:30,9:43,9:44,9:50,9:53,9:54,H
Ryder_RNAseq,pilot,TT1_GON,TT1,GON,TT1_GON_CGGCTATG-CAGGACGT_pilot,"22,706,132",BR-5193,GX/MW,DCB territorial,P1900,20-Dec-15,9:30,9:43,9:44,9:50,9:53,9:54,H
Ryder_RNAseq,pilot,TT1_ICO,TT1,ICO,TT1_ICO_AGCGATAG-ATAGAGGC_pilot,"52,344,603",BR-5193,GX/MW,DCB territorial,P1900,20-Dec-15,9:30,9:43,9:44,9:50,9:53,9:54,H
Ryder_RNAseq,pilot,TT1_LS,TT1,LS,TT1_LS_AGCGATAG-AGGCGAAG_pilot,"25,250,265",BR-5193,GX/MW,DCB territorial,P1900,20-Dec-15,9:30,9:43,9:44,9:50,9:53,9:54,H
Ryder_RNAseq,pilot,TT1_POM,TT1,POM,TT1_POM_TCCGCGAA-CCTATCCT_pilot,"36,143,982",BR-5193,GX/MW,DCB territorial,P1900,20-Dec-15,9:30,9:43,9:44,9:50,9:53,9:54,H
Ryder_RNAseq,pilot,TT1_TNA,TT1,TNA,TT1_TNA_CGGCTATG-CCTATCCT_pilot,"28,209,210",BR-5193,GX/MW,DCB territorial,P1900,20-Dec-15,9:30,9:43,9:44,9:50,9:53,9:54,H
Ryder_RNAseq,pilot,TT1_VMH,TT1,VMH,TT1_VMH_TCCGCGAA-CAGGACGT_pilot,"25,597,883",BR-5193,GX/MW,DCB territorial,P1900,20-Dec-15,9:30,9:43,9:44,9:50,9:53,9:54,H
Ryder_144_RNAseq_2,run2,TT2_POM,TT2,POM,TT2_POM_TCATCCTT-AGCGAGCT_run2,"21,055,879",BR-5210,GW/OX,DCB territorial,Al Rio,22-Dec-15,8:24,8:59,8:59,9:04,9:05,9:08,I
Ryder_144_RNAseq_2,run2,TT2_VMH,TT2,VMH,TT2_VMH_AGGTTATA-CAGTTCCG_run2,"22,096,059",BR-5210,GW/OX,DCB territorial,Al Rio,22-Dec-15,8:24,8:59,8:59,9:04,9:05,9:08,I
Ryder_RNAseq,pilot,TT2_BSTM,TT2,BSTm,TT2_BSTM_TCTCGCGC-GGCTCTGA_pilot,"22,833,810",BR-5210,GW/OX,DCB territorial,Al Rio,22-Dec-15,8:24,8:59,8:59,9:04,9:05,9:08,I
Ryder_RNAseq,pilot,TT2_GON,TT2,GON,TT2_GON_CGGCTATG-GTACTGAC_pilot,"32,455,212",BR-5210,GW/OX,DCB territorial,Al Rio,22-Dec-15,8:24,8:59,8:59,9:04,9:05,9:08,I
Ryder_RNAseq,pilot,TT2_ICO,TT2,ICO,TT2_ICO_AGCGATAG-CCTATCCT_pilot,"25,980,223",BR-5210,GW/OX,DCB territorial,Al Rio,22-Dec-15,8:24,8:59,8:59,9:04,9:05,9:08,I
Ryder_RNAseq,pilot,TT2_LS,TT2,LS,TT2_LS_AGCGATAG-TAATCTTA_pilot,"28,089,457",BR-5210,GW/OX,DCB territorial,Al Rio,22-Dec-15,8:24,8:59,8:59,9:04,9:05,9:08,I
Ryder_RNAseq,pilot,TT2_POM,TT2,POM,TT2_POM_TCCGCGAA-GGCTCTGA_pilot,"28,640,235",BR-5210,GW/OX,DCB territorial,Al Rio,22-Dec-15,8:24,8:59,8:59,9:04,9:05,9:08,I
Ryder_RNAseq,pilot,TT2_TNA,TT2,TNA,TT2_TNA_CGGCTATG-GGCTCTGA_pilot,"21,062,586",BR-5210,GW/OX,DCB territorial,Al Rio,22-Dec-15,8:24,8:59,8:59,9:04,9:05,9:08,I
Ryder_RNAseq,pilot,TT2_VMH,TT2,VMH,TT2_VMH_TCCGCGAA-GTACTGAC_pilot,"25,593,929",BR-5210,GW/OX,DCB territorial,Al Rio,22-Dec-15,8:24,8:59,8:59,9:04,9:05,9:08,I
Ryder_144_RNAseq,run1,PFT11_AI,PFT11,AI,PFT11_AI_CAATTAAC-CGAGATAT_run1,"22,260,571",BR-5276,YX/PW,SCB floater,HL,13-Jan-18,8:51,9:18,9:20,9:25,9:28,9:31,D
Ryder_144_RNAseq,run1,PFT11_GCT,PFT11,GCT,PFT11_GCT_AGTACTCC-AACCTGTT_run1,"23,857,899",BR-5276,YX/PW,SCB floater,HL,13-Jan-18,8:51,9:18,9:20,9:25,9:28,9:31,D
Ryder_144_RNAseq,run1,PFT11_GON,PFT11,GON,PFT11_GON_ACAGGCGC-CTCTGCCT_run1,"25,574,346",BR-5276,YX/PW,SCB floater,HL,13-Jan-18,8:51,9:18,9:20,9:25,9:28,9:31,D
Ryder_144_RNAseq,run1,PFT11_POM,PFT11,POM,PFT11_POM_TGCGAGAC-CATTGTTG_run1,"23,316,822",BR-5276,YX/PW,SCB floater,HL,13-Jan-18,8:51,9:18,9:20,9:25,9:28,9:31,D
Ryder_144_RNAseq,run1,PFT11_TNA,PFT11,TNA,PFT11_TNA_TGGCCGGT-TAGAGCGC_run1,"24,448,090",BR-5276,YX/PW,SCB floater,HL,13-Jan-18,8:51,9:18,9:20,9:25,9:28,9:31,D
Ryder_144_RNAseq,run1,PFT11_VMH,PFT11,VMH,PFT11_VMH_GACGTCTT-GGTTCACC_run1,"25,002,199",BR-5276,YX/PW,SCB floater,HL,13-Jan-18,8:51,9:18,9:20,9:25,9:28,9:31,D
Ryder_144_RNAseq_2,run2,PFT11_AH,PFT11,AH,PFT11_AH_CTCACCAA-CTAGGCAA_run2,"19,396,967",BR-5276,YX/PW,SCB floater,HL,13-Jan-18,8:51,9:18,9:20,9:25,9:28,9:31,D
Ryder_144_RNAseq_2,run2,PFT11_BSTm,PFT11,BSTm,PFT11_BSTm_AGGCAGAG-AGAATGCC_run2,"21,217,365",BR-5276,YX/PW,SCB floater,HL,13-Jan-18,8:51,9:18,9:20,9:25,9:28,9:31,D
Ryder_144_RNAseq_2,run2,PFT11_ICO,PFT11,ICO,PFT11_ICO_TGGTGGCA-TCCTGTAA_run2,"23,814,745",BR-5276,YX/PW,SCB floater,HL,13-Jan-18,8:51,9:18,9:20,9:25,9:28,9:31,D
Ryder_144_RNAseq_2,run2,PFT11_LS,PFT11,LS,PFT11_LS_GAATGAGA-GAGGCATT_run2,"23,094,222",BR-5276,YX/PW,SCB floater,HL,13-Jan-18,8:51,9:18,9:20,9:25,9:28,9:31,D
Ryder_144_RNAseq_2,run2,PFT11_PIT,PFT11,PIT,PFT11_PIT_CATAGAGT-TGCCACCA_run2,"20,066,620",BR-5276,YX/PW,SCB floater,HL,13-Jan-18,8:51,9:18,9:20,9:25,9:28,9:31,D
Ryder_144_RNAseq_2,run2,PFT11_PVN,PFT11,PVN,PFT11_PVN_TGCGGCGT-CCTCGGTA_run2,"24,482,887",BR-5276,YX/PW,SCB floater,HL,13-Jan-18,8:51,9:18,9:20,9:25,9:28,9:31,D
Ryder_144_RNAseq,run1,PFT9_AI,PFT9,AI,PFT9_AI_AATCCGGA-CTACAGTT_run1,"20,446,510",BR-5281,PP/PX,SCB floater,P75,9-Jan-18,9:44,9:50,9:54,9:59,10:00,10:03,E
Ryder_144_RNAseq,run1,PFT9_GON,PFT9,GON,PFT9_GON_GCACGGAC-GTCTCGCA_run1,"22,089,950",BR-5281,PP/PX,SCB floater,P75,9-Jan-18,9:44,9:50,9:54,9:59,10:00,10:03,E
Ryder_144_RNAseq,run1,PFT9_PIT,PFT9,PIT,PFT9_PIT_ATGTAAGT-ACTCTATG_run1,"22,665,323",BR-5281,PP/PX,SCB floater,P75,9-Jan-18,9:44,9:50,9:54,9:59,10:00,10:03,E
Ryder_144_RNAseq,run1,PFT9_POM,PFT9,POM,PFT9_POM_CGGCGTGA-GCGCCTGT_run1,"23,127,499",BR-5281,PP/PX,SCB floater,P75,9-Jan-18,9:44,9:50,9:54,9:59,10:00,10:03,E
Ryder_144_RNAseq,run1,PFT9_VMH,PFT9,VMH,PFT9_VMH_TAATACAG-ATATTCAC_run1,"21,463,157",BR-5281,PP/PX,SCB floater,P75,9-Jan-18,9:44,9:50,9:54,9:59,10:00,10:03,E
Ryder_144_RNAseq_2,run2,PFT9_AH,PFT9,AH,PFT9_AH_CCTTCACC-GACGCTCC_run2,"20,486,238",BR-5281,PP/PX,SCB floater,P75,9-Jan-18,9:44,9:50,9:54,9:59,10:00,10:03,E
Ryder_144_RNAseq_2,run2,PFT9_BSTm,PFT9,BSTm,PFT9_BSTm_AACGTTCC-GGAGTACT_run2,"19,097,739",BR-5281,PP/PX,SCB floater,P75,9-Jan-18,9:44,9:50,9:54,9:59,10:00,10:03,E
Ryder_144_RNAseq_2,run2,PFT9_GCT,PFT9,GCT,PFT9_GCT_GCACGGAC-GTCTCGCA_run2,"24,833,791",BR-5281,PP/PX,SCB floater,P75,9-Jan-18,9:44,9:50,9:54,9:59,10:00,10:03,E
Ryder_144_RNAseq_2,run2,PFT9_ICO,PFT9,ICO,PFT9_ICO_GGTACCTT-AAGACGTC_run2,"20,496,469",BR-5281,PP/PX,SCB floater,P75,9-Jan-18,9:44,9:50,9:54,9:59,10:00,10:03,E
Ryder_144_RNAseq_2,run2,PFT9_LS,PFT9,LS,PFT9_LS_GCAGAATT-ACCGGCCA_run2,"25,000,658",BR-5281,PP/PX,SCB floater,P75,9-Jan-18,9:44,9:50,9:54,9:59,10:00,10:03,E
Ryder_144_RNAseq_2,run2,PFT9_PVN,PFT9,PVN,PFT9_PVN_ATGAGGCC-GTTAATTG_run2,"21,361,709",BR-5281,PP/PX,SCB floater,P75,9-Jan-18,9:44,9:50,9:54,9:59,10:00,10:03,E
Ryder_144_RNAseq_2,run2,PFT9_TNA,PFT9,TNA,PFT9_TNA_ATGTAAGT-ACTCTATG_run2,"20,933,533",BR-5281,PP/PX,SCB floater,P75,9-Jan-18,9:44,9:50,9:54,9:59,10:00,10:03,E
Ryder_144_RNAseq,run1,TF1_TNA,TF1,TNA,TF1_TNA_GTGAATAT-TCTCATTC_run1,"22,094,504",UB,UB,SCB floater,P1900,20-Dec-15,10:01,10:17,10:19,10:23,10:27,10:31,F
Ryder_144_RNAseq_2,run2,TF1_GON,TF1,GON,TF1_GON_AACTGTAG-ACGCCGCA_run2,"20,102,026",UB,UB,SCB floater,P1900,20-Dec-15,10:01,10:17,10:19,10:23,10:27,10:31,F
Ryder_144_RNAseq_2,run2,TF1_POM,TF1,POM,TF1_POM_AGCTCGCT-GCAGAATC_run2,"19,690,516",UB,UB,SCB floater,P1900,20-Dec-15,10:01,10:17,10:19,10:23,10:27,10:31,F
Ryder_144_RNAseq_2,run2,TF1_VMH,TF1,VMH,TF1_VMH_CGGAACTG-CACTACGA_run2,"17,962,661",UB,UB,SCB floater,P1900,20-Dec-15,10:01,10:17,10:19,10:23,10:27,10:31,F
Ryder_RNAseq,pilot,TF1_AI,TF1,AI,TF1_AI_TCTCGCGC-AGGCGAAG_pilot,"19,493,157",UB,UB,SCB floater,P1900,20-Dec-15,10:01,10:17,10:19,10:23,10:27,10:31,F
Ryder_RNAseq,pilot,TF1_BSTM,TF1,BSTm,TF1_BSTM_TCTCGCGC-TATAGCCT_pilot,"19,375,006",UB,UB,SCB floater,P1900,20-Dec-15,10:01,10:17,10:19,10:23,10:27,10:31,F
Ryder_RNAseq,pilot,TF1_GCT,TF1,GCT,TF1_GCT_TCTCGCGC-GTACTGAC_pilot,"17,924,748",UB,UB,SCB floater,P1900,20-Dec-15,10:01,10:17,10:19,10:23,10:27,10:31,F
Ryder_RNAseq,pilot,TF1_GON,TF1,GON,TF1_GON_CGGCTATG-AGGCGAAG_pilot,"16,905,547",UB,UB,SCB floater,P1900,20-Dec-15,10:01,10:17,10:19,10:23,10:27,10:31,F
Ryder_RNAseq,pilot,TF1_ICO,TF1,ICO,TF1_ICO_AGCGATAG-TATAGCCT_pilot,"28,879,526",UB,UB,SCB floater,P1900,20-Dec-15,10:01,10:17,10:19,10:23,10:27,10:31,F
Ryder_RNAseq,pilot,TF1_LS,TF1,LS,TF1_LS_AGCGATAG-GGCTCTGA_pilot,"25,197,181",UB,UB,SCB floater,P1900,20-Dec-15,10:01,10:17,10:19,10:23,10:27,10:31,F
Ryder_RNAseq,pilot,TF1_POM,TF1,POM,TF1_POM_TCCGCGAA-TATAGCCT_pilot,"25,661,470",UB,UB,SCB floater,P1900,20-Dec-15,10:01,10:17,10:19,10:23,10:27,10:31,F
Ryder_RNAseq,pilot,TF1_TNA,TF1,TNA,TF1_TNA_CGGCTATG-TATAGCCT_pilot,"21,585,936",UB,UB,SCB floater,P1900,20-Dec-15,10:01,10:17,10:19,10:23,10:27,10:31,F
Ryder_RNAseq,pilot,TF1_VMH,TF1,VMH,TF1_VMH_TCCGCGAA-AGGCGAAG_pilot,"32,806,460",UB,UB,SCB floater,P1900,20-Dec-15,10:01,10:17,10:19,10:23,10:27,10:31,F
Ryder_144_RNAseq_2,run2,TF2_GON,TF2,GON,TF2_GON_GGTCACGA-GTATTATG_run2,"21,593,275",UB,UB,SCB floater,Al Rio,22-Dec-15,7:27,7:48,7:57,8:01,8:03,8:06,G
Ryder_144_RNAseq_2,run2,TF2_POM,TF2,POM,TF2_POM_TCTGTTGG-TCGAATGG_run2,"18,289,603",UB,UB,SCB floater,Al Rio,22-Dec-15,7:27,7:48,7:57,8:01,8:03,8:06,G
Ryder_144_RNAseq_2,run2,TF2_TNA,TF2,TNA,TF2_TNA_CATAATAC-TTCTAACG_run2,"19,121,376",UB,UB,SCB floater,Al Rio,22-Dec-15,7:27,7:48,7:57,8:01,8:03,8:06,G
Ryder_RNAseq,pilot,TF2_AI,TF2,AI,TF2_AI_TCTCGCGC-TAATCTTA_pilot,"19,471,827",UB,UB,SCB floater,Al Rio,22-Dec-15,7:27,7:48,7:57,8:01,8:03,8:06,G
Ryder_RNAseq,pilot,TF2_BSTM,TF2,BSTm,TF2_BSTM_TCTCGCGC-ATAGAGGC_pilot,"24,673,298",UB,UB,SCB floater,Al Rio,22-Dec-15,7:27,7:48,7:57,8:01,8:03,8:06,G
Ryder_RNAseq,pilot,TF2_GON,TF2,GON,TF2_GON_CGGCTATG-TAATCTTA_pilot,"32,213,367",UB,UB,SCB floater,Al Rio,22-Dec-15,7:27,7:48,7:57,8:01,8:03,8:06,G
Ryder_RNAseq,pilot,TF2_POM,TF2,POM,TF2_POM_TCCGCGAA-ATAGAGGC_pilot,"25,634,578",UB,UB,SCB floater,Al Rio,22-Dec-15,7:27,7:48,7:57,8:01,8:03,8:06,G
Ryder_RNAseq,pilot,TF2_TNA,TF2,TNA,TF2_TNA_CGGCTATG-ATAGAGGC_pilot,"28,039,391",UB,UB,SCB floater,Al Rio,22-Dec-15,7:27,7:48,7:57,8:01,8:03,8:06,G
Ryder_RNAseq,pilot,TF2_VMH,TF2,VMH,TF2_VMH_TCCGCGAA-TAATCTTA_pilot,"24,496,927",UB,UB,SCB floater,Al Rio,22-Dec-15,7:27,7:48,7:57,8:01,8:03,8:06,G
