"","Project","Batch","Sample","Harvest_ID","Tissue","filename","Number.of.Reads","Band_ID","Color_ID","Class","Lek","Date","Capture","Blood","Kill","Brain","Pituitary","Gonads","ind.n","sampleID","Status","Year","time_kill","Year_Batch","Plumage_Age","potential_outliers"
"PFT1_AH_run2","Ryder_144_RNAseq_2","run2","PFT1_AH","PFT1","AH","PFT1_AH_CGTCTGCG-TTCACAAT_run2",22735340,"BR-5095","OX/YP","DCB territorial","Lago",2017-01-07,2017-01-07 07:12:00,"7:23",2017-01-07 07:28:00,2017-01-07 07:32:00,"7:34","7:37","A","PFT1_AH_run2","territorial","2017",16,"2017_run2","DCB","PFT1_AH_run2"
"PFT1_AI_run1","Ryder_144_RNAseq","run1","PFT1_AI","PFT1","AI","PFT1_AI_CCGCGGTT-AGCGCTAG_run1",25637079,"BR-5095","OX/YP","DCB territorial","Lago",2017-01-07,2017-01-07 07:12:00,"7:23",2017-01-07 07:28:00,2017-01-07 07:32:00,"7:34","7:37","A","PFT1_AI_run1","territorial","2017",16,"2017_run1","DCB",""
"PFT1_BSTm_run2","Ryder_144_RNAseq_2","run2","PFT1_BSTm","PFT1","BSTm","PFT1_BSTm_ACGCACCT-GGTGAAGG_run2",19844961,"BR-5095","OX/YP","DCB territorial","Lago",2017-01-07,2017-01-07 07:12:00,"7:23",2017-01-07 07:28:00,2017-01-07 07:32:00,"7:34","7:37","A","PFT1_BSTm_run2","territorial","2017",16,"2017_run2","DCB",""
"PFT1_GCT_run2","Ryder_144_RNAseq_2","run2","PFT1_GCT","PFT1","GCT","PFT1_GCT_CGCTATGT-TCCGACAC_run2",22160011,"BR-5095","OX/YP","DCB territorial","Lago",2017-01-07,2017-01-07 07:12:00,"7:23",2017-01-07 07:28:00,2017-01-07 07:32:00,"7:34","7:37","A","PFT1_GCT_run2","territorial","2017",16,"2017_run2","DCB",""
"PFT1_GON_run1","Ryder_144_RNAseq","run1","PFT1_GON","PFT1","GON","PFT1_GON_ATCCACTG-AGGTGCGT_run1",20957461,"BR-5095","OX/YP","DCB territorial","Lago",2017-01-07,2017-01-07 07:12:00,"7:23",2017-01-07 07:28:00,2017-01-07 07:32:00,"7:34","7:37","A","PFT1_GON_run1","territorial","2017",16,"2017_run1","DCB",""
"PFT1_ICO_run2","Ryder_144_RNAseq_2","run2","PFT1_ICO","PFT1","ICO","PFT1_ICO_GTATGTTC-AACAGGAA_run2",20478418,"BR-5095","OX/YP","DCB territorial","Lago",2017-01-07,2017-01-07 07:12:00,"7:23",2017-01-07 07:28:00,2017-01-07 07:32:00,"7:34","7:37","A","PFT1_ICO_run2","territorial","2017",16,"2017_run2","DCB",""
"PFT1_LS_run2","Ryder_144_RNAseq_2","run2","PFT1_LS","PFT1","LS","PFT1_LS_TACTCATA-CCTGTGGC_run2",20140442,"BR-5095","OX/YP","DCB territorial","Lago",2017-01-07,2017-01-07 07:12:00,"7:23",2017-01-07 07:28:00,2017-01-07 07:32:00,"7:34","7:37","A","PFT1_LS_run2","territorial","2017",16,"2017_run2","DCB",""
"PFT1_PIT_run1","Ryder_144_RNAseq","run1","PFT1_PIT","PFT1","PIT","PFT1_PIT_AAGTCCAA-TATGAGTA_run1",19559948,"BR-5095","OX/YP","DCB territorial","Lago",2017-01-07,2017-01-07 07:12:00,"7:23",2017-01-07 07:28:00,2017-01-07 07:32:00,"7:34","7:37","A","PFT1_PIT_run1","territorial","2017",16,"2017_run1","DCB",""
"PFT1_POM_run1","Ryder_144_RNAseq","run1","PFT1_POM","PFT1","POM","PFT1_POM_GGACTTGG-CGCAGACG_run1",19207955,"BR-5095","OX/YP","DCB territorial","Lago",2017-01-07,2017-01-07 07:12:00,"7:23",2017-01-07 07:28:00,2017-01-07 07:32:00,"7:34","7:37","A","PFT1_POM_run1","territorial","2017",16,"2017_run1","DCB",""
"PFT1_PVN_run2","Ryder_144_RNAseq_2","run2","PFT1_PVN","PFT1","PVN","PFT1_PVN_TCGATATC-ACACGAGT_run2",22194475,"BR-5095","OX/YP","DCB territorial","Lago",2017-01-07,2017-01-07 07:12:00,"7:23",2017-01-07 07:28:00,2017-01-07 07:32:00,"7:34","7:37","A","PFT1_PVN_run2","territorial","2017",16,"2017_run2","DCB",""
"PFT1_TNA_run2","Ryder_144_RNAseq_2","run2","PFT1_TNA","PFT1","TNA","PFT1_TNA_TATCGCAC-CTTAGTGT_run2",19904437,"BR-5095","OX/YP","DCB territorial","Lago",2017-01-07,2017-01-07 07:12:00,"7:23",2017-01-07 07:28:00,2017-01-07 07:32:00,"7:34","7:37","A","PFT1_TNA_run2","territorial","2017",16,"2017_run2","DCB","PFT1_TNA_run2"
"PFT1_VMH_run1","Ryder_144_RNAseq","run1","PFT1_VMH","PFT1","VMH","PFT1_VMH_TTATAACC-GATATCGA_run1",21586581,"BR-5095","OX/YP","DCB territorial","Lago",2017-01-07,2017-01-07 07:12:00,"7:23",2017-01-07 07:28:00,2017-01-07 07:32:00,"7:34","7:37","A","PFT1_VMH_run1","territorial","2017",16,"2017_run1","DCB",""
"PFT10_AH_run2","Ryder_144_RNAseq_2","run2","PFT10_AH","PFT10","AH","PFT10_AH_GAACCGCG-TGACCTTA_run2",20792386,"BR-5183","OM/GX","DCB territorial","P75",2018-01-09,NA,"2:06",2018-01-09 02:06:00,2018-01-09 02:10:00,"2:11","2:14","B","PFT10_AH_run2","territorial","2018",NA,"2018_run2","DCB",""
"PFT10_AI_run1","Ryder_144_RNAseq","run1","PFT10_AI","PFT10","AI","PFT10_AI_ACACTAAG-ATCCATAT_run1",22551862,"BR-5183","OM/GX","DCB territorial","P75",2018-01-09,NA,"2:06",2018-01-09 02:06:00,2018-01-09 02:10:00,"2:11","2:14","B","PFT10_AI_run1","territorial","2018",NA,"2018_run1","DCB",""
"PFT10_BSTm_run2","Ryder_144_RNAseq_2","run2","PFT10_BSTm","PFT10","BSTm","PFT10_BSTm_AACAGGTT-ATACCAAG_run2",27805752,"BR-5183","OM/GX","DCB territorial","P75",2018-01-09,NA,"2:06",2018-01-09 02:06:00,2018-01-09 02:10:00,"2:11","2:14","B","PFT10_BSTm_run2","territorial","2018",NA,"2018_run2","DCB",""
"PFT10_GCT_run1","Ryder_144_RNAseq","run1","PFT10_GCT","PFT10","GCT","PFT10_GCT_TTCCTGTT-AGTATCTT_run1",25202896,"BR-5183","OM/GX","DCB territorial","P75",2018-01-09,NA,"2:06",2018-01-09 02:06:00,2018-01-09 02:10:00,"2:11","2:14","B","PFT10_GCT_run1","territorial","2018",NA,"2018_run1","DCB",""
"PFT10_GON_run1","Ryder_144_RNAseq","run1","PFT10_GON","PFT10","GON","PFT10_GON_GTCTACAC-GCCAAGGT_run1",21102566,"BR-5183","OM/GX","DCB territorial","P75",2018-01-09,NA,"2:06",2018-01-09 02:06:00,2018-01-09 02:10:00,"2:11","2:14","B","PFT10_GON_run1","territorial","2018",NA,"2018_run1","DCB",""
"PFT10_ICO_run1","Ryder_144_RNAseq","run1","PFT10_ICO","PFT10","ICO","PFT10_ICO_CCTTCACC-GACGCTCC_run1",23423648,"BR-5183","OM/GX","DCB territorial","P75",2018-01-09,NA,"2:06",2018-01-09 02:06:00,2018-01-09 02:10:00,"2:11","2:14","B","PFT10_ICO_run1","territorial","2018",NA,"2018_run1","DCB",""
"PFT10_LS_run2","Ryder_144_RNAseq_2","run2","PFT10_LS","PFT10","LS","PFT10_LS_GGTGAACC-GCGTTGGA_run2",19754429,"BR-5183","OM/GX","DCB territorial","P75",2018-01-09,NA,"2:06",2018-01-09 02:06:00,2018-01-09 02:10:00,"2:11","2:14","B","PFT10_LS_run2","territorial","2018",NA,"2018_run2","DCB",""
"PFT10_PIT_run2","Ryder_144_RNAseq_2","run2","PFT10_PIT","PFT10","PIT","PFT10_PIT_ACTCGTGT-ATTGGAAC_run2",20643234,"BR-5183","OM/GX","DCB territorial","P75",2018-01-09,NA,"2:06",2018-01-09 02:06:00,2018-01-09 02:10:00,"2:11","2:14","B","PFT10_PIT_run2","territorial","2018",NA,"2018_run2","DCB",""
"PFT10_POM_run1","Ryder_144_RNAseq","run1","PFT10_POM","PFT10","POM","PFT10_POM_ATTGTGAA-TGCATTGC_run1",21835015,"BR-5183","OM/GX","DCB territorial","P75",2018-01-09,NA,"2:06",2018-01-09 02:06:00,2018-01-09 02:10:00,"2:11","2:14","B","PFT10_POM_run1","territorial","2018",NA,"2018_run1","DCB",""
"PFT10_PVN_run2","Ryder_144_RNAseq_2","run2","PFT10_PVN","PFT10","PVN","PFT10_PVN_CAACAATG-CTTCACGG_run2",22297172,"BR-5183","OM/GX","DCB territorial","P75",2018-01-09,NA,"2:06",2018-01-09 02:06:00,2018-01-09 02:10:00,"2:11","2:14","B","PFT10_PVN_run2","territorial","2018",NA,"2018_run2","DCB",""
"PFT10_TNA_run1","Ryder_144_RNAseq","run1","PFT10_TNA","PFT10","TNA","PFT10_TNA_GTGTCGGA-GCTTGCGC_run1",21382057,"BR-5183","OM/GX","DCB territorial","P75",2018-01-09,NA,"2:06",2018-01-09 02:06:00,2018-01-09 02:10:00,"2:11","2:14","B","PFT10_TNA_run1","territorial","2018",NA,"2018_run1","DCB",""
"PFT10_VMH_run1","Ryder_144_RNAseq","run1","PFT10_VMH","PFT10","VMH","PFT10_VMH_GCCACAGG-CATGCCAT_run1",21002219,"BR-5183","OM/GX","DCB territorial","P75",2018-01-09,NA,"2:06",2018-01-09 02:06:00,2018-01-09 02:10:00,"2:11","2:14","B","PFT10_VMH_run1","territorial","2018",NA,"2018_run1","DCB",""
"PFT11_AH_run2","Ryder_144_RNAseq_2","run2","PFT11_AH","PFT11","AH","PFT11_AH_CTCACCAA-CTAGGCAA_run2",19396967,"BR-5276","YX/PW","SCB floater","HL",2018-01-13,2018-01-13 08:51:00,"9:18",2018-01-13 09:20:00,2018-01-13 09:25:00,"9:28","9:31","D","PFT11_AH_run2","floater","2018",29,"2018_run2","SCB","PFT11_AH_run2"
"PFT11_AI_run1","Ryder_144_RNAseq","run1","PFT11_AI","PFT11","AI","PFT11_AI_CAATTAAC-CGAGATAT_run1",22260571,"BR-5276","YX/PW","SCB floater","HL",2018-01-13,2018-01-13 08:51:00,"9:18",2018-01-13 09:20:00,2018-01-13 09:25:00,"9:28","9:31","D","PFT11_AI_run1","floater","2018",29,"2018_run1","SCB",""
"PFT11_BSTm_run2","Ryder_144_RNAseq_2","run2","PFT11_BSTm","PFT11","BSTm","PFT11_BSTm_AGGCAGAG-AGAATGCC_run2",21217365,"BR-5276","YX/PW","SCB floater","HL",2018-01-13,2018-01-13 08:51:00,"9:18",2018-01-13 09:20:00,2018-01-13 09:25:00,"9:28","9:31","D","PFT11_BSTm_run2","floater","2018",29,"2018_run2","SCB",""
"PFT11_GCT_run1","Ryder_144_RNAseq","run1","PFT11_GCT","PFT11","GCT","PFT11_GCT_AGTACTCC-AACCTGTT_run1",23857899,"BR-5276","YX/PW","SCB floater","HL",2018-01-13,2018-01-13 08:51:00,"9:18",2018-01-13 09:20:00,2018-01-13 09:25:00,"9:28","9:31","D","PFT11_GCT_run1","floater","2018",29,"2018_run1","SCB",""
"PFT11_GON_run1","Ryder_144_RNAseq","run1","PFT11_GON","PFT11","GON","PFT11_GON_ACAGGCGC-CTCTGCCT_run1",25574346,"BR-5276","YX/PW","SCB floater","HL",2018-01-13,2018-01-13 08:51:00,"9:18",2018-01-13 09:20:00,2018-01-13 09:25:00,"9:28","9:31","D","PFT11_GON_run1","floater","2018",29,"2018_run1","SCB",""
"PFT11_ICO_run2","Ryder_144_RNAseq_2","run2","PFT11_ICO","PFT11","ICO","PFT11_ICO_TGGTGGCA-TCCTGTAA_run2",23814745,"BR-5276","YX/PW","SCB floater","HL",2018-01-13,2018-01-13 08:51:00,"9:18",2018-01-13 09:20:00,2018-01-13 09:25:00,"9:28","9:31","D","PFT11_ICO_run2","floater","2018",29,"2018_run2","SCB",""
"PFT11_LS_run2","Ryder_144_RNAseq_2","run2","PFT11_LS","PFT11","LS","PFT11_LS_GAATGAGA-GAGGCATT_run2",23094222,"BR-5276","YX/PW","SCB floater","HL",2018-01-13,2018-01-13 08:51:00,"9:18",2018-01-13 09:20:00,2018-01-13 09:25:00,"9:28","9:31","D","PFT11_LS_run2","floater","2018",29,"2018_run2","SCB",""
"PFT11_PIT_run2","Ryder_144_RNAseq_2","run2","PFT11_PIT","PFT11","PIT","PFT11_PIT_CATAGAGT-TGCCACCA_run2",20066620,"BR-5276","YX/PW","SCB floater","HL",2018-01-13,2018-01-13 08:51:00,"9:18",2018-01-13 09:20:00,2018-01-13 09:25:00,"9:28","9:31","D","PFT11_PIT_run2","floater","2018",29,"2018_run2","SCB",""
"PFT11_POM_run1","Ryder_144_RNAseq","run1","PFT11_POM","PFT11","POM","PFT11_POM_TGCGAGAC-CATTGTTG_run1",23316822,"BR-5276","YX/PW","SCB floater","HL",2018-01-13,2018-01-13 08:51:00,"9:18",2018-01-13 09:20:00,2018-01-13 09:25:00,"9:28","9:31","D","PFT11_POM_run1","floater","2018",29,"2018_run1","SCB",""
"PFT11_PVN_run2","Ryder_144_RNAseq_2","run2","PFT11_PVN","PFT11","PVN","PFT11_PVN_TGCGGCGT-CCTCGGTA_run2",24482887,"BR-5276","YX/PW","SCB floater","HL",2018-01-13,2018-01-13 08:51:00,"9:18",2018-01-13 09:20:00,2018-01-13 09:25:00,"9:28","9:31","D","PFT11_PVN_run2","floater","2018",29,"2018_run2","SCB",""
"PFT11_TNA_run1","Ryder_144_RNAseq","run1","PFT11_TNA","PFT11","TNA","PFT11_TNA_TGGCCGGT-TAGAGCGC_run1",24448090,"BR-5276","YX/PW","SCB floater","HL",2018-01-13,2018-01-13 08:51:00,"9:18",2018-01-13 09:20:00,2018-01-13 09:25:00,"9:28","9:31","D","PFT11_TNA_run1","floater","2018",29,"2018_run1","SCB",""
"PFT11_VMH_run1","Ryder_144_RNAseq","run1","PFT11_VMH","PFT11","VMH","PFT11_VMH_GACGTCTT-GGTTCACC_run1",25002199,"BR-5276","YX/PW","SCB floater","HL",2018-01-13,2018-01-13 08:51:00,"9:18",2018-01-13 09:20:00,2018-01-13 09:25:00,"9:28","9:31","D","PFT11_VMH_run1","floater","2018",29,"2018_run1","SCB",""
"PFT12_AH_run2","Ryder_144_RNAseq_2","run2","PFT12_AH","PFT12","AH","PFT12_AH_ATATGGAT-CTGTATTA_run2",21437106,"BR-5399","YO/GX","DCB territorial","P1050",2018-01-17,2018-01-17 11:09:00,"11:15",2018-01-17 11:18:00,2018-01-17 11:23:00,"11:24","11:26","C","PFT12_AH_run2","territorial","2018",9,"2018_run2","DCB",""
"PFT12_AI_run1","Ryder_144_RNAseq","run1","PFT12_AI","PFT12","AI","PFT12_AI_ATATGGAT-CTGTATTA_run1",22109022,"BR-5399","YO/GX","DCB territorial","P1050",2018-01-17,2018-01-17 11:09:00,"11:15",2018-01-17 11:18:00,2018-01-17 11:23:00,"11:24","11:26","C","PFT12_AI_run1","territorial","2018",9,"2018_run1","DCB",""
"PFT12_BSTm_run2","Ryder_144_RNAseq_2","run2","PFT12_BSTm","PFT12","BSTm","PFT12_BSTm_TAAGTGGT-CTTAAGCC_run2",22902493,"BR-5399","YO/GX","DCB territorial","P1050",2018-01-17,2018-01-17 11:09:00,"11:15",2018-01-17 11:18:00,2018-01-17 11:23:00,"11:24","11:26","C","PFT12_BSTm_run2","territorial","2018",9,"2018_run2","DCB",""
"PFT12_GCT_run1","Ryder_144_RNAseq","run1","PFT12_GCT","PFT12","GCT","PFT12_GCT_AAGATACT-ACTTACAT_run1",23884288,"BR-5399","YO/GX","DCB territorial","P1050",2018-01-17,2018-01-17 11:09:00,"11:15",2018-01-17 11:18:00,2018-01-17 11:23:00,"11:24","11:26","C","PFT12_GCT_run1","territorial","2018",9,"2018_run1","DCB",""
"PFT12_GON_run1","Ryder_144_RNAseq","run1","PFT12_GON","PFT12","GON","PFT12_GON_ACCTTGGC-GGCCTCAT_run1",18760252,"BR-5399","YO/GX","DCB territorial","P1050",2018-01-17,2018-01-17 11:09:00,"11:15",2018-01-17 11:18:00,2018-01-17 11:23:00,"11:24","11:26","C","PFT12_GON_run1","territorial","2018",9,"2018_run1","DCB",""
"PFT12_ICO_run1","Ryder_144_RNAseq","run1","PFT12_ICO","PFT12","ICO","PFT12_ICO_GGAGCGTC-GTCCGTGC_run1",23092324,"BR-5399","YO/GX","DCB territorial","P1050",2018-01-17,2018-01-17 11:09:00,"11:15",2018-01-17 11:18:00,2018-01-17 11:23:00,"11:24","11:26","C","PFT12_ICO_run1","territorial","2018",9,"2018_run1","DCB",""
"PFT12_LS_run2","Ryder_144_RNAseq_2","run2","PFT12_LS","PFT12","LS","PFT12_LS_CGGACAAC-TCCGGATT_run2",17731541,"BR-5399","YO/GX","DCB territorial","P1050",2018-01-17,2018-01-17 11:09:00,"11:15",2018-01-17 11:18:00,2018-01-17 11:23:00,"11:24","11:26","C","PFT12_LS_run2","territorial","2018",9,"2018_run2","DCB",""
"PFT12_PIT_run1","Ryder_144_RNAseq","run1","PFT12_PIT","PFT12","PIT","PFT12_PIT_GTTCCAAT-AATTCTGC_run1",21318885,"BR-5399","YO/GX","DCB territorial","P1050",2018-01-17,2018-01-17 11:09:00,"11:15",2018-01-17 11:18:00,2018-01-17 11:23:00,"11:24","11:26","C","PFT12_PIT_run1","territorial","2018",9,"2018_run1","DCB",""
"PFT12_POM_run1","Ryder_144_RNAseq","run1","PFT12_POM","PFT12","POM","PFT12_POM_GCAATGCA-GGAACGTT_run1",21718098,"BR-5399","YO/GX","DCB territorial","P1050",2018-01-17,2018-01-17 11:09:00,"11:15",2018-01-17 11:18:00,2018-01-17 11:23:00,"11:24","11:26","C","PFT12_POM_run1","territorial","2018",9,"2018_run1","DCB",""
"PFT12_PVN_run2","Ryder_144_RNAseq_2","run2","PFT12_PVN","PFT12","PVN","PFT12_PVN_GCGCAAGC-TCACGCCG_run2",21658783,"BR-5399","YO/GX","DCB territorial","P1050",2018-01-17,2018-01-17 11:09:00,"11:15",2018-01-17 11:18:00,2018-01-17 11:23:00,"11:24","11:26","C","PFT12_PVN_run2","territorial","2018",9,"2018_run2","DCB",""
"PFT12_TNA_run1","Ryder_144_RNAseq","run1","PFT12_TNA","PFT12","TNA","PFT12_TNA_GCGCAAGC-TCACGCCG_run1",21521174,"BR-5399","YO/GX","DCB territorial","P1050",2018-01-17,2018-01-17 11:09:00,"11:15",2018-01-17 11:18:00,2018-01-17 11:23:00,"11:24","11:26","C","PFT12_TNA_run1","territorial","2018",9,"2018_run1","DCB",""
"PFT12_VMH_run1","Ryder_144_RNAseq","run1","PFT12_VMH","PFT12","VMH","PFT12_VMH_ATGGCATG-AAGGTACC_run1",21642609,"BR-5399","YO/GX","DCB territorial","P1050",2018-01-17,2018-01-17 11:09:00,"11:15",2018-01-17 11:18:00,2018-01-17 11:23:00,"11:24","11:26","C","PFT12_VMH_run1","territorial","2018",9,"2018_run1","DCB",""
"PFT2_AH_run2","Ryder_144_RNAseq_2","run2","PFT2_AH","PFT2","AH","PFT2_AH_CTTGGTAT-CCAAGTCC_run2",25443235,"BR-5264","BR/OX","DCB territorial","GL",2017-01-08,2017-01-08 06:28:00,"6:52",2017-01-08 06:52:00,2017-01-08 06:56:00,"6:59","7:02","D","PFT2_AH_run2","territorial","2017",24,"2017_run2","DCB",""
"PFT2_AI_run1","Ryder_144_RNAseq","run1","PFT2_AI","PFT2","AI","PFT2_AI_GGTACCTT-AAGACGTC_run1",25333687,"BR-5264","BR/OX","DCB territorial","GL",2017-01-08,2017-01-08 06:28:00,"6:52",2017-01-08 06:52:00,2017-01-08 06:56:00,"6:59","7:02","D","PFT2_AI_run1","territorial","2017",24,"2017_run1","DCB",""
"PFT2_BSTm_run2","Ryder_144_RNAseq_2","run2","PFT2_BSTm","PFT2","BSTm","PFT2_BSTm_ACTAAGAT-AACCGCGG_run2",24456169,"BR-5264","BR/OX","DCB territorial","GL",2017-01-08,2017-01-08 06:28:00,"6:52",2017-01-08 06:52:00,2017-01-08 06:56:00,"6:59","7:02","D","PFT2_BSTm_run2","territorial","2017",24,"2017_run2","DCB",""
"PFT2_GCT_run1","Ryder_144_RNAseq","run1","PFT2_GCT","PFT2","GCT","PFT2_GCT_GCAGAATT-ACCGGCCA_run1",24332811,"BR-5264","BR/OX","DCB territorial","GL",2017-01-08,2017-01-08 06:28:00,"6:52",2017-01-08 06:52:00,2017-01-08 06:56:00,"6:59","7:02","D","PFT2_GCT_run1","territorial","2017",24,"2017_run1","DCB",""
"PFT2_GON_run1","Ryder_144_RNAseq","run1","PFT2_GON","PFT2","GON","PFT2_GON_TCCAACGC-TTGGACTT_run1",25686097,"BR-5264","BR/OX","DCB territorial","GL",2017-01-08,2017-01-08 06:28:00,"6:52",2017-01-08 06:52:00,2017-01-08 06:56:00,"6:59","7:02","D","PFT2_GON_run1","territorial","2017",24,"2017_run1","DCB",""
"PFT2_ICO_run1","Ryder_144_RNAseq","run1","PFT2_ICO","PFT2","ICO","PFT2_ICO_ATGAGGCC-GTTAATTG_run1",22259423,"BR-5264","BR/OX","DCB territorial","GL",2017-01-08,2017-01-08 06:28:00,"6:52",2017-01-08 06:52:00,2017-01-08 06:56:00,"6:59","7:02","D","PFT2_ICO_run1","territorial","2017",24,"2017_run1","DCB",""
"PFT2_LS_run2","Ryder_144_RNAseq_2","run2","PFT2_LS","PFT2","LS","PFT2_LS_GTCGGAGC-GGTTATAA_run2",18701708,"BR-5264","BR/OX","DCB territorial","GL",2017-01-08,2017-01-08 06:28:00,"6:52",2017-01-08 06:52:00,2017-01-08 06:56:00,"6:59","7:02","D","PFT2_LS_run2","territorial","2017",24,"2017_run2","DCB","PFT2_LS_run2"
"PFT2_PIT_run1","Ryder_144_RNAseq","run1","PFT2_PIT","PFT2","PIT","PFT2_PIT_CTTGGTAT-CCAAGTCC_run1",26975959,"BR-5264","BR/OX","DCB territorial","GL",2017-01-08,2017-01-08 06:28:00,"6:52",2017-01-08 06:52:00,2017-01-08 06:56:00,"6:59","7:02","D","PFT2_PIT_run1","territorial","2017",24,"2017_run1","DCB",""
"PFT2_POM_run1","Ryder_144_RNAseq","run1","PFT2_POM","PFT2","POM","PFT2_POM_GTCGGAGC-GGTTATAA_run1",20655629,"BR-5264","BR/OX","DCB territorial","GL",2017-01-08,2017-01-08 06:28:00,"6:52",2017-01-08 06:52:00,2017-01-08 06:56:00,"6:59","7:02","D","PFT2_POM_run1","territorial","2017",24,"2017_run1","DCB","PFT2_POM_run1"
"PFT2_PVN_run2","Ryder_144_RNAseq_2","run2","PFT2_PVN","PFT2","PVN","PFT2_PVN_TCCAACGC-TTGGACTT_run2",20992941,"BR-5264","BR/OX","DCB territorial","GL",2017-01-08,2017-01-08 06:28:00,"6:52",2017-01-08 06:52:00,2017-01-08 06:56:00,"6:59","7:02","D","PFT2_PVN_run2","territorial","2017",24,"2017_run2","DCB",""
"PFT2_TNA_run1","Ryder_144_RNAseq","run1","PFT2_TNA","PFT2","TNA","PFT2_TNA_AACGTTCC-GGAGTACT_run1",22128426,"BR-5264","BR/OX","DCB territorial","GL",2017-01-08,2017-01-08 06:28:00,"6:52",2017-01-08 06:52:00,2017-01-08 06:56:00,"6:59","7:02","D","PFT2_TNA_run1","territorial","2017",24,"2017_run1","DCB",""
"PFT2_VMH_run1","Ryder_144_RNAseq","run1","PFT2_VMH","PFT2","VMH","PFT2_VMH_ACTAAGAT-AACCGCGG_run1",23651727,"BR-5264","BR/OX","DCB territorial","GL",2017-01-08,2017-01-08 06:28:00,"6:52",2017-01-08 06:52:00,2017-01-08 06:56:00,"6:59","7:02","D","PFT2_VMH_run1","territorial","2017",24,"2017_run1","DCB",""
"PFT3_AH_run2","Ryder_144_RNAseq_2","run2","PFT3_AH","PFT3","AH","PFT3_AH_GTGTCGGA-GCTTGCGC_run2",19149207,"BR-5268","MX/GP","DCB floater ","GL",2017-01-08,2017-01-08 07:54:00,"8:05",2017-01-08 08:05:00,2017-01-08 08:11:00,"8:12","8:15","A","PFT3_AH_run2","floater","2017",11,"2017_run2","DCB",""
"PFT3_BSTm_run2","Ryder_144_RNAseq_2","run2","PFT3_BSTm","PFT3","BSTm","PFT3_BSTm_GACCTGAA-TTGGTGAG_run2",19608403,"BR-5268","MX/GP","DCB floater ","GL",2017-01-08,2017-01-08 07:54:00,"8:05",2017-01-08 08:05:00,2017-01-08 08:11:00,"8:12","8:15","A","PFT3_BSTm_run2","floater","2017",11,"2017_run2","DCB",""
"PFT3_GCT_run2","Ryder_144_RNAseq_2","run2","PFT3_GCT","PFT3","GCT","PFT3_GCT_CTAGCGCT-GTGTAGAC_run2",24498531,"BR-5268","MX/GP","DCB floater ","GL",2017-01-08,2017-01-08 07:54:00,"8:05",2017-01-08 08:05:00,2017-01-08 08:11:00,"8:12","8:15","A","PFT3_GCT_run2","floater","2017",11,"2017_run2","DCB",""
"PFT3_GON_run1","Ryder_144_RNAseq","run1","PFT3_GON","PFT3","GON","PFT3_GON_TGGATCGA-GTGCGATA_run1",25299167,"BR-5268","MX/GP","DCB floater ","GL",2017-01-08,2017-01-08 07:54:00,"8:05",2017-01-08 08:05:00,2017-01-08 08:11:00,"8:12","8:15","A","PFT3_GON_run1","floater","2017",11,"2017_run1","DCB",""
"PFT3_ICO_run2","Ryder_144_RNAseq_2","run2","PFT3_ICO","PFT3","ICO","PFT3_ICO_AGTTCAGG-CCAACAGA_run2",18416362,"BR-5268","MX/GP","DCB floater ","GL",2017-01-08,2017-01-08 07:54:00,"8:05",2017-01-08 08:05:00,2017-01-08 08:11:00,"8:12","8:15","A","PFT3_ICO_run2","floater","2017",11,"2017_run2","DCB",""
"PFT3_LS_run2","Ryder_144_RNAseq_2","run2","PFT3_LS","PFT3","LS","PFT3_LS_TCTCTACT-CGCGGTTC_run2",23492522,"BR-5268","MX/GP","DCB floater ","GL",2017-01-08,2017-01-08 07:54:00,"8:05",2017-01-08 08:05:00,2017-01-08 08:11:00,"8:12","8:15","A","PFT3_LS_run2","floater","2017",11,"2017_run2","DCB",""
"PFT3_PIT_run2","Ryder_144_RNAseq_2","run2","PFT3_PIT","PFT3","PIT","PFT3_PIT_CCAAGTCT-AAGGATGA_run2",21442890,"BR-5268","MX/GP","DCB floater ","GL",2017-01-08,2017-01-08 07:54:00,"8:05",2017-01-08 08:05:00,2017-01-08 08:11:00,"8:12","8:15","A","PFT3_PIT_run2","floater","2017",11,"2017_run2","DCB",""
"PFT3_POM_run1","Ryder_144_RNAseq","run1","PFT3_POM","PFT3","POM","PFT3_POM_CAAGCTAG-ACATAGCG_run1",19988071,"BR-5268","MX/GP","DCB floater ","GL",2017-01-08,2017-01-08 07:54:00,"8:05",2017-01-08 08:05:00,2017-01-08 08:11:00,"8:12","8:15","A","PFT3_POM_run1","floater","2017",11,"2017_run1","DCB",""
"PFT3_PVN_run2","Ryder_144_RNAseq_2","run2","PFT3_PVN","PFT3","PVN","PFT3_PVN_TTCCTGTT-AGTATCTT_run2",22918210,"BR-5268","MX/GP","DCB floater ","GL",2017-01-08,2017-01-08 07:54:00,"8:05",2017-01-08 08:05:00,2017-01-08 08:11:00,"8:12","8:15","A","PFT3_PVN_run2","floater","2017",11,"2017_run2","DCB",""
"PFT3_TNA_run1","Ryder_144_RNAseq","run1","PFT3_TNA","PFT3","TNA","PFT3_TNA_GCTTGTCA-GAACATAC_run1",19404561,"BR-5268","MX/GP","DCB floater ","GL",2017-01-08,2017-01-08 07:54:00,"8:05",2017-01-08 08:05:00,2017-01-08 08:11:00,"8:12","8:15","A","PFT3_TNA_run1","floater","2017",11,"2017_run1","DCB",""
"PFT3_VMH_run2","Ryder_144_RNAseq_2","run2","PFT3_VMH","PFT3","VMH","PFT3_VMH_CTCTCGTC-TATAACCT_run2",20881244,"BR-5268","MX/GP","DCB floater ","GL",2017-01-08,2017-01-08 07:54:00,"8:05",2017-01-08 08:05:00,2017-01-08 08:11:00,"8:12","8:15","A","PFT3_VMH_run2","floater","2017",11,"2017_run2","DCB",""
"PFT4_AH_run2","Ryder_144_RNAseq_2","run2","PFT4_AH","PFT4","AH","PFT4_AH_ATGGCATG-AAGGTACC_run2",22159627,"BR-5208","OO/WX","DCB territorial","Al Rio",2017-01-12,NA,"8:56",2017-01-12 08:57:00,2017-01-12 09:02:00,"9:03","9:05","E","PFT4_AH_run2","territorial","2017",NA,"2017_run2","DCB",""
"PFT4_AI_run1","Ryder_144_RNAseq","run1","PFT4_AI","PFT4","AI","PFT4_AI_ATATCTCG-ATCTTAGT_run1",26548509,"BR-5208","OO/WX","DCB territorial","Al Rio",2017-01-12,NA,"8:56",2017-01-12 08:57:00,2017-01-12 09:02:00,"9:03","9:05","E","PFT4_AI_run1","territorial","2017",NA,"2017_run1","DCB",""
"PFT4_BSTm_run2","Ryder_144_RNAseq_2","run2","PFT4_BSTm","PFT4","BSTm","PFT4_BSTm_AAGATACT-ACTTACAT_run2",26926927,"BR-5208","OO/WX","DCB territorial","Al Rio",2017-01-12,NA,"8:56",2017-01-12 08:57:00,2017-01-12 09:02:00,"9:03","9:05","E","PFT4_BSTm_run2","territorial","2017",NA,"2017_run2","DCB",""
"PFT4_GCT_run1","Ryder_144_RNAseq","run1","PFT4_GCT","PFT4","GCT","PFT4_GCT_AACAGGTT-ATACCAAG_run1",26171556,"BR-5208","OO/WX","DCB territorial","Al Rio",2017-01-12,NA,"8:56",2017-01-12 08:57:00,2017-01-12 09:02:00,"9:03","9:05","E","PFT4_GCT_run1","territorial","2017",NA,"2017_run1","DCB",""
"PFT4_GON_run1","Ryder_144_RNAseq","run1","PFT4_GON","PFT4","GON","PFT4_GON_GAATGAGA-GAGGCATT_run1",21704015,"BR-5208","OO/WX","DCB territorial","Al Rio",2017-01-12,NA,"8:56",2017-01-12 08:57:00,2017-01-12 09:02:00,"9:03","9:05","E","PFT4_GON_run1","territorial","2017",NA,"2017_run1","DCB",""
"PFT4_ICO_run1","Ryder_144_RNAseq","run1","PFT4_ICO","PFT4","ICO","PFT4_ICO_GGTGAACC-GCGTTGGA_run1",22524165,"BR-5208","OO/WX","DCB territorial","Al Rio",2017-01-12,NA,"8:56",2017-01-12 08:57:00,2017-01-12 09:02:00,"9:03","9:05","E","PFT4_ICO_run1","territorial","2017",NA,"2017_run1","DCB",""
"PFT4_LS_run2","Ryder_144_RNAseq_2","run2","PFT4_LS","PFT4","LS","PFT4_LS_GGAGCGTC-GTCCGTGC_run2",23591065,"BR-5208","OO/WX","DCB territorial","Al Rio",2017-01-12,NA,"8:56",2017-01-12 08:57:00,2017-01-12 09:02:00,"9:03","9:05","E","PFT4_LS_run2","territorial","2017",NA,"2017_run2","DCB",""
"PFT4_PIT_run1","Ryder_144_RNAseq","run1","PFT4_PIT","PFT4","PIT","PFT4_PIT_AGGCAGAG-AGAATGCC_run1",19085287,"BR-5208","OO/WX","DCB territorial","Al Rio",2017-01-12,NA,"8:56",2017-01-12 08:57:00,2017-01-12 09:02:00,"9:03","9:05","E","PFT4_PIT_run1","territorial","2017",NA,"2017_run1","DCB",""
"PFT4_POM_run1","Ryder_144_RNAseq","run1","PFT4_POM","PFT4","POM","PFT4_POM_TGGTGGCA-TCCTGTAA_run1",21645679,"BR-5208","OO/WX","DCB territorial","Al Rio",2017-01-12,NA,"8:56",2017-01-12 08:57:00,2017-01-12 09:02:00,"9:03","9:05","E","PFT4_POM_run1","territorial","2017",NA,"2017_run1","DCB",""
"PFT4_PVN_run2","Ryder_144_RNAseq_2","run2","PFT4_PVN","PFT4","PVN","PFT4_PVN_GCAATGCA-GGAACGTT_run2",21545997,"BR-5208","OO/WX","DCB territorial","Al Rio",2017-01-12,NA,"8:56",2017-01-12 08:57:00,2017-01-12 09:02:00,"9:03","9:05","E","PFT4_PVN_run2","territorial","2017",NA,"2017_run2","DCB",""
"PFT4_TNA_run1","Ryder_144_RNAseq","run1","PFT4_TNA","PFT4","TNA","PFT4_TNA_GCGCTCTA-GCTCCGAC_run1",23279621,"BR-5208","OO/WX","DCB territorial","Al Rio",2017-01-12,NA,"8:56",2017-01-12 08:57:00,2017-01-12 09:02:00,"9:03","9:05","E","PFT4_TNA_run1","territorial","2017",NA,"2017_run1","DCB",""
"PFT4_VMH_run1","Ryder_144_RNAseq","run1","PFT4_VMH","PFT4","VMH","PFT4_VMH_CAACAATG-CTTCACGG_run1",21699968,"BR-5208","OO/WX","DCB territorial","Al Rio",2017-01-12,NA,"8:56",2017-01-12 08:57:00,2017-01-12 09:02:00,"9:03","9:05","E","PFT4_VMH_run1","territorial","2017",NA,"2017_run1","DCB",""
"PFT5_AH_run2","Ryder_144_RNAseq_2","run2","PFT5_AH","PFT5","AH","PFT5_AH_GCCACAGG-CATGCCAT_run2",19030162,"BR-5380","MG/YX","DCB floater ","Al Rio",2017-01-12,2017-01-12 08:29:00,"9:02",2017-01-12 09:08:00,2017-01-12 09:12:00,"9:14","9:16","B","PFT5_AH_run2","floater","2017",39,"2017_run2","DCB",""
"PFT5_AI_run1","Ryder_144_RNAseq","run1","PFT5_AI","PFT5","AI","PFT5_AI_CCGTGAAG-CAGTGGAT_run1",22979659,"BR-5380","MG/YX","DCB floater ","Al Rio",2017-01-12,2017-01-12 08:29:00,"9:02",2017-01-12 09:08:00,2017-01-12 09:12:00,"9:14","9:16","B","PFT5_AI_run1","floater","2017",39,"2017_run1","DCB",""
"PFT5_BSTm_run2","Ryder_144_RNAseq_2","run2","PFT5_BSTm","PFT5","BSTm","PFT5_BSTm_TTACAGGA-TGACAAGC_run2",20772627,"BR-5380","MG/YX","DCB floater ","Al Rio",2017-01-12,2017-01-12 08:29:00,"9:02",2017-01-12 09:08:00,2017-01-12 09:12:00,"9:14","9:16","B","PFT5_BSTm_run2","floater","2017",39,"2017_run2","DCB",""
"PFT5_GCT_run1","Ryder_144_RNAseq","run1","PFT5_GCT","PFT5","GCT","PFT5_GCT_GGCATTCT-CTAGCTTG_run1",19942044,"BR-5380","MG/YX","DCB floater ","Al Rio",2017-01-12,2017-01-12 08:29:00,"9:02",2017-01-12 09:08:00,2017-01-12 09:12:00,"9:14","9:16","B","PFT5_GCT_run1","floater","2017",39,"2017_run1","DCB",""
"PFT5_GON_run1","Ryder_144_RNAseq","run1","PFT5_GON","PFT5","GON","PFT5_GON_AGCCTCAT-AGTAGAGA_run1",26788439,"BR-5380","MG/YX","DCB floater ","Al Rio",2017-01-12,2017-01-12 08:29:00,"9:02",2017-01-12 09:08:00,2017-01-12 09:12:00,"9:14","9:16","B","PFT5_GON_run1","floater","2017",39,"2017_run1","DCB",""
"PFT5_ICO_run2","Ryder_144_RNAseq_2","run2","PFT5_ICO","PFT5","ICO","PFT5_ICO_CCGTGAAG-CAGTGGAT_run2",19053193,"BR-5380","MG/YX","DCB floater ","Al Rio",2017-01-12,2017-01-12 08:29:00,"9:02",2017-01-12 09:08:00,2017-01-12 09:12:00,"9:14","9:16","B","PFT5_ICO_run2","floater","2017",39,"2017_run2","DCB",""
"PFT5_LS_run2","Ryder_144_RNAseq_2","run2","PFT5_LS","PFT5","LS","PFT5_LS_GGCATTCT-CTAGCTTG_run2",26150237,"BR-5380","MG/YX","DCB floater ","Al Rio",2017-01-12,2017-01-12 08:29:00,"9:02",2017-01-12 09:08:00,2017-01-12 09:12:00,"9:14","9:16","B","PFT5_LS_run2","floater","2017",39,"2017_run2","DCB",""
"PFT5_PIT_run1","Ryder_144_RNAseq","run1","PFT5_PIT","PFT5","PIT","PFT5_PIT_CGTTAGAA-TTCAGGTC_run1",19332045,"BR-5380","MG/YX","DCB floater ","Al Rio",2017-01-12,2017-01-12 08:29:00,"9:02",2017-01-12 09:08:00,2017-01-12 09:12:00,"9:14","9:16","B","PFT5_PIT_run1","floater","2017",39,"2017_run1","DCB",""
"PFT5_POM_run1","Ryder_144_RNAseq","run1","PFT5_POM","PFT5","POM","PFT5_POM_TACCGAGG-CCTGAACT_run1",21379723,"BR-5380","MG/YX","DCB floater ","Al Rio",2017-01-12,2017-01-12 08:29:00,"9:02",2017-01-12 09:08:00,2017-01-12 09:12:00,"9:14","9:16","B","PFT5_POM_run1","floater","2017",39,"2017_run1","DCB",""
"PFT5_PVN_run2","Ryder_144_RNAseq_2","run2","PFT5_PVN","PFT5","PVN","PFT5_PVN_AATGCCTC-TCGATCCA_run2",20913689,"BR-5380","MG/YX","DCB floater ","Al Rio",2017-01-12,2017-01-12 08:29:00,"9:02",2017-01-12 09:08:00,2017-01-12 09:12:00,"9:14","9:16","B","PFT5_PVN_run2","floater","2017",39,"2017_run2","DCB",""
"PFT5_TNA_run1","Ryder_144_RNAseq","run1","PFT5_TNA","PFT5","TNA","PFT5_TNA_TTACAGGA-TGACAAGC_run1",26190796,"BR-5380","MG/YX","DCB floater ","Al Rio",2017-01-12,2017-01-12 08:29:00,"9:02",2017-01-12 09:08:00,2017-01-12 09:12:00,"9:14","9:16","B","PFT5_TNA_run1","floater","2017",39,"2017_run1","DCB",""
"PFT5_VMH_run1","Ryder_144_RNAseq","run1","PFT5_VMH","PFT5","VMH","PFT5_VMH_AATGCCTC-TCGATCCA_run1",20100343,"BR-5380","MG/YX","DCB floater ","Al Rio",2017-01-12,2017-01-12 08:29:00,"9:02",2017-01-12 09:08:00,2017-01-12 09:12:00,"9:14","9:16","B","PFT5_VMH_run1","floater","2017",39,"2017_run1","DCB",""
"PFT6_AI_run1","Ryder_144_RNAseq","run1","PFT6_AI","PFT6","AI","PFT6_AI_TGCGGCGT-CCTCGGTA_run1",23118090,"BR-5167","OB/WX","DCB floater ","Huaira",2017-01-14,2017-01-14 09:35:00,"9:58",2017-01-14 10:00:00,2017-01-14 10:03:00,"10:04","10:06","C","PFT6_AI_run1","floater","2017",25,"2017_run1","DCB",""
"PFT6_BSTm_run2","Ryder_144_RNAseq_2","run2","PFT6_BSTm","PFT6","BSTm","PFT6_BSTm_GTTCCAAT-AATTCTGC_run2",26148177,"BR-5167","OB/WX","DCB floater ","Huaira",2017-01-14,2017-01-14 09:35:00,"9:58",2017-01-14 10:00:00,2017-01-14 10:03:00,"10:04","10:06","C","PFT6_BSTm_run2","floater","2017",25,"2017_run2","DCB",""
"PFT6_GCT_run1","Ryder_144_RNAseq","run1","PFT6_GCT","PFT6","GCT","PFT6_GCT_GATCTATC-ATGAGGCT_run1",21719323,"BR-5167","OB/WX","DCB floater ","Huaira",2017-01-14,2017-01-14 09:35:00,"9:58",2017-01-14 10:00:00,2017-01-14 10:03:00,"10:04","10:06","C","PFT6_GCT_run1","floater","2017",25,"2017_run1","DCB",""
"PFT6_GON_run1","Ryder_144_RNAseq","run1","PFT6_GON","PFT6","GON","PFT6_GON_CCATTCGA-GTTGTCCG_run1",18703004,"BR-5167","OB/WX","DCB floater ","Huaira",2017-01-14,2017-01-14 09:35:00,"9:58",2017-01-14 10:00:00,2017-01-14 10:03:00,"10:04","10:06","C","PFT6_GON_run1","floater","2017",25,"2017_run1","DCB",""
"PFT6_ICO_run1","Ryder_144_RNAseq","run1","PFT6_ICO","PFT6","ICO","PFT6_ICO_AGCTCGCT-GCAGAATC_run1",26102662,"BR-5167","OB/WX","DCB floater ","Huaira",2017-01-14,2017-01-14 09:35:00,"9:58",2017-01-14 10:00:00,2017-01-14 10:03:00,"10:04","10:06","C","PFT6_ICO_run1","floater","2017",25,"2017_run1","DCB",""
"PFT6_LS_run2","Ryder_144_RNAseq_2","run2","PFT6_LS","PFT6","LS","PFT6_LS_ACCTTGGC-GGCCTCAT_run2",21533756,"BR-5167","OB/WX","DCB floater ","Huaira",2017-01-14,2017-01-14 09:35:00,"9:58",2017-01-14 10:00:00,2017-01-14 10:03:00,"10:04","10:06","C","PFT6_LS_run2","floater","2017",25,"2017_run2","DCB",""
"PFT6_PIT_run1","Ryder_144_RNAseq","run1","PFT6_PIT","PFT6","PIT","PFT6_PIT_TTGCCTAG-ACCACTTA_run1",25439167,"BR-5167","OB/WX","DCB floater ","Huaira",2017-01-14,2017-01-14 09:35:00,"9:58",2017-01-14 10:00:00,2017-01-14 10:03:00,"10:04","10:06","C","PFT6_PIT_run1","floater","2017",25,"2017_run1","DCB",""
"PFT6_POM_run1","Ryder_144_RNAseq","run1","PFT6_POM","PFT6","POM","PFT6_POM_TAAGGTCA-TGTCGTAG_run1",24954016,"BR-5167","OB/WX","DCB floater ","Huaira",2017-01-14,2017-01-14 09:35:00,"9:58",2017-01-14 10:00:00,2017-01-14 10:03:00,"10:04","10:06","C","PFT6_POM_run1","floater","2017",25,"2017_run1","DCB",""
"PFT6_PVN_run2","Ryder_144_RNAseq_2","run2","PFT6_PVN","PFT6","PVN","PFT6_PVN_GCGCTCTA-GCTCCGAC_run2",23511997,"BR-5167","OB/WX","DCB floater ","Huaira",2017-01-14,2017-01-14 09:35:00,"9:58",2017-01-14 10:00:00,2017-01-14 10:03:00,"10:04","10:06","C","PFT6_PVN_run2","floater","2017",25,"2017_run2","DCB",""
"PFT6_TNA_run1","Ryder_144_RNAseq","run1","PFT6_TNA","PFT6","TNA","PFT6_TNA_CATAATAC-TTCTAACG_run1",25946489,"BR-5167","OB/WX","DCB floater ","Huaira",2017-01-14,2017-01-14 09:35:00,"9:58",2017-01-14 10:00:00,2017-01-14 10:03:00,"10:04","10:06","C","PFT6_TNA_run1","floater","2017",25,"2017_run1","DCB",""
"PFT6_VMH_run1","Ryder_144_RNAseq","run1","PFT6_VMH","PFT6","VMH","PFT6_VMH_CGGAACTG-CACTACGA_run1",22313174,"BR-5167","OB/WX","DCB floater ","Huaira",2017-01-14,2017-01-14 09:35:00,"9:58",2017-01-14 10:00:00,2017-01-14 10:03:00,"10:04","10:06","C","PFT6_VMH_run1","floater","2017",25,"2017_run1","DCB",""
"PFT7_AH_run2","Ryder_144_RNAseq_2","run2","PFT7_AH","PFT7","AH","PFT7_AH_TAATACAG-ATATTCAC_run2",19486810,"BR-5128","WO/PX","DCB territorial","H3-1000",2017-01-16,2017-01-16 15:40:00,"16:01",2017-01-16 16:05:00,2017-01-16 16:10:00,"16:11","16:13","F","PFT7_AH_run2","territorial","2017",25,"2017_run2","DCB",""
"PFT7_AI_run1","Ryder_144_RNAseq","run1","PFT7_AI","PFT7","AI","PFT7_AI_AGTTCAGG-CCAACAGA_run1",22991504,"BR-5128","WO/PX","DCB territorial","H3-1000",2017-01-16,2017-01-16 15:40:00,"16:01",2017-01-16 16:05:00,2017-01-16 16:10:00,"16:11","16:13","F","PFT7_AI_run1","territorial","2017",25,"2017_run1","DCB",""
"PFT7_BSTm_run2","Ryder_144_RNAseq_2","run2","PFT7_BSTm","PFT7","BSTm","PFT7_BSTm_GGCTTAAG-TCGTGACC_run2",18480724,"BR-5128","WO/PX","DCB territorial","H3-1000",2017-01-16,2017-01-16 15:40:00,"16:01",2017-01-16 16:05:00,2017-01-16 16:10:00,"16:11","16:13","F","PFT7_BSTm_run2","territorial","2017",25,"2017_run2","DCB",""
"PFT7_GCT_run2","Ryder_144_RNAseq_2","run2","PFT7_GCT","PFT7","GCT","PFT7_GCT_TTGGACTC-GGAAGCAG_run2",21364552,"BR-5128","WO/PX","DCB territorial","H3-1000",2017-01-16,2017-01-16 15:40:00,"16:01",2017-01-16 16:05:00,2017-01-16 16:10:00,"16:11","16:13","F","PFT7_GCT_run2","territorial","2017",25,"2017_run2","DCB",""
"PFT7_GON_run1","Ryder_144_RNAseq","run1","PFT7_GON","PFT7","GON","PFT7_GON_GGCTTAAG-TCGTGACC_run1",19470555,"BR-5128","WO/PX","DCB territorial","H3-1000",2017-01-16,2017-01-16 15:40:00,"16:01",2017-01-16 16:05:00,2017-01-16 16:10:00,"16:11","16:13","F","PFT7_GON_run1","territorial","2017",25,"2017_run1","DCB",""
"PFT7_ICO_run1","Ryder_144_RNAseq","run1","PFT7_ICO","PFT7","ICO","PFT7_ICO_TCTCTACT-CGCGGTTC_run1",21245614,"BR-5128","WO/PX","DCB territorial","H3-1000",2017-01-16,2017-01-16 15:40:00,"16:01",2017-01-16 16:05:00,2017-01-16 16:10:00,"16:11","16:13","F","PFT7_ICO_run1","territorial","2017",25,"2017_run1","DCB",""
"PFT7_LS_run2","Ryder_144_RNAseq_2","run2","PFT7_LS","PFT7","LS","PFT7_LS_AATCCGGA-CTACAGTT_run2",21462438,"BR-5128","WO/PX","DCB territorial","H3-1000",2017-01-16,2017-01-16 15:40:00,"16:01",2017-01-16 16:05:00,2017-01-16 16:10:00,"16:11","16:13","F","PFT7_LS_run2","territorial","2017",25,"2017_run2","DCB",""
"PFT7_PIT_run1","Ryder_144_RNAseq","run1","PFT7_PIT","PFT7","PIT","PFT7_PIT_TTGGACTC-GGAAGCAG_run1",20005534,"BR-5128","WO/PX","DCB territorial","H3-1000",2017-01-16,2017-01-16 15:40:00,"16:01",2017-01-16 16:05:00,2017-01-16 16:10:00,"16:11","16:13","F","PFT7_PIT_run1","territorial","2017",25,"2017_run1","DCB",""
"PFT7_POM_run1","Ryder_144_RNAseq","run1","PFT7_POM","PFT7","POM","PFT7_POM_CCAAGTCT-AAGGATGA_run1",24247559,"BR-5128","WO/PX","DCB territorial","H3-1000",2017-01-16,2017-01-16 15:40:00,"16:01",2017-01-16 16:05:00,2017-01-16 16:10:00,"16:11","16:13","F","PFT7_POM_run1","territorial","2017",25,"2017_run1","DCB",""
"PFT7_PVN_run2","Ryder_144_RNAseq_2","run2","PFT7_PVN","PFT7","PVN","PFT7_PVN_CGGCGTGA-GCGCCTGT_run2",21330797,"BR-5128","WO/PX","DCB territorial","H3-1000",2017-01-16,2017-01-16 15:40:00,"16:01",2017-01-16 16:05:00,2017-01-16 16:10:00,"16:11","16:13","F","PFT7_PVN_run2","territorial","2017",25,"2017_run2","DCB",""
"PFT7_TNA_run1","Ryder_144_RNAseq","run1","PFT7_TNA","PFT7","TNA","PFT7_TNA_GACCTGAA-TTGGTGAG_run1",19607901,"BR-5128","WO/PX","DCB territorial","H3-1000",2017-01-16,2017-01-16 15:40:00,"16:01",2017-01-16 16:05:00,2017-01-16 16:10:00,"16:11","16:13","F","PFT7_TNA_run1","territorial","2017",25,"2017_run1","DCB",""
"PFT7_VMH_run1","Ryder_144_RNAseq","run1","PFT7_VMH","PFT7","VMH","PFT7_VMH_CTCTCGTC-TATAACCT_run1",20559079,"BR-5128","WO/PX","DCB territorial","H3-1000",2017-01-16,2017-01-16 15:40:00,"16:01",2017-01-16 16:05:00,2017-01-16 16:10:00,"16:11","16:13","F","PFT7_VMH_run1","territorial","2017",25,"2017_run1","DCB",""
"PFT8_AH_run2","Ryder_144_RNAseq_2","run2","PFT8_AH","PFT8","AH","PFT8_AH_ATTGTGAA-TGCATTGC_run2",19603110,"BR-5368","YM/BX","DCB territorial","Al Rio",2018-01-06,2018-01-06 07:49:00,"8:22",2018-01-06 08:25:00,2018-01-06 08:29:00,"8:31","8:33","G","PFT8_AH_run2","territorial","2018",36,"2018_run2","DCB",""
"PFT8_AI_run1","Ryder_144_RNAseq","run1","PFT8_AI","PFT8","AI","PFT8_AI_GATTCTGC-GACGAGAG_run1",22370675,"BR-5368","YM/BX","DCB territorial","Al Rio",2018-01-06,2018-01-06 07:49:00,"8:22",2018-01-06 08:25:00,2018-01-06 08:29:00,"8:31","8:33","G","PFT8_AI_run1","territorial","2018",36,"2018_run1","DCB",""
"PFT8_BSTm_run2","Ryder_144_RNAseq_2","run2","PFT8_BSTm","PFT8","BSTm","PFT8_BSTm_AGCCTCAT-AGTAGAGA_run2",27808709,"BR-5368","YM/BX","DCB territorial","Al Rio",2018-01-06,2018-01-06 07:49:00,"8:22",2018-01-06 08:25:00,2018-01-06 08:29:00,"8:31","8:33","G","PFT8_BSTm_run2","territorial","2018",36,"2018_run2","DCB",""
"PFT8_GCT_run1","Ryder_144_RNAseq","run1","PFT8_GCT","PFT8","GCT","PFT8_GCT_TCGTAGTG-AGACTTGG_run1",23065834,"BR-5368","YM/BX","DCB territorial","Al Rio",2018-01-06,2018-01-06 07:49:00,"8:22",2018-01-06 08:25:00,2018-01-06 08:29:00,"8:31","8:33","G","PFT8_GCT_run1","territorial","2018",36,"2018_run1","DCB",""
"PFT8_GON_run1","Ryder_144_RNAseq","run1","PFT8_GON","PFT8","GON","PFT8_GON_CGGACAAC-TCCGGATT_run1",19208389,"BR-5368","YM/BX","DCB territorial","Al Rio",2018-01-06,2018-01-06 07:49:00,"8:22",2018-01-06 08:25:00,2018-01-06 08:29:00,"8:31","8:33","G","PFT8_GON_run1","territorial","2018",36,"2018_run1","DCB",""
"PFT8_ICO_run2","Ryder_144_RNAseq_2","run2","PFT8_ICO","PFT8","ICO","PFT8_ICO_CGTTAGAA-TTCAGGTC_run2",22471338,"BR-5368","YM/BX","DCB territorial","Al Rio",2018-01-06,2018-01-06 07:49:00,"8:22",2018-01-06 08:25:00,2018-01-06 08:29:00,"8:31","8:33","G","PFT8_ICO_run2","territorial","2018",36,"2018_run2","DCB",""
"PFT8_LS_run2","Ryder_144_RNAseq_2","run2","PFT8_LS","PFT8","LS","PFT8_LS_GATTCTGC-GACGAGAG_run2",22584429,"BR-5368","YM/BX","DCB territorial","Al Rio",2018-01-06,2018-01-06 07:49:00,"8:22",2018-01-06 08:25:00,2018-01-06 08:29:00,"8:31","8:33","G","PFT8_LS_run2","territorial","2018",36,"2018_run2","DCB",""
"PFT8_PIT_run2","Ryder_144_RNAseq_2","run2","PFT8_PIT","PFT8","PIT","PFT8_PIT_CTACGACA-GAGTCCAA_run2",19106958,"BR-5368","YM/BX","DCB territorial","Al Rio",2018-01-06,2018-01-06 07:49:00,"8:22",2018-01-06 08:25:00,2018-01-06 08:29:00,"8:31","8:33","G","PFT8_PIT_run2","territorial","2018",36,"2018_run2","DCB",""
"PFT8_POM_run1","Ryder_144_RNAseq","run1","PFT8_POM","PFT8","POM","PFT8_POM_TAAGTGGT-CTTAAGCC_run1",23233639,"BR-5368","YM/BX","DCB territorial","Al Rio",2018-01-06,2018-01-06 07:49:00,"8:22",2018-01-06 08:25:00,2018-01-06 08:29:00,"8:31","8:33","G","PFT8_POM_run1","territorial","2018",36,"2018_run1","DCB",""
"PFT8_PVN_run2","Ryder_144_RNAseq_2","run2","PFT8_PVN","PFT8","PVN","PFT8_PVN_TCGTAGTG-AGACTTGG_run2",23354115,"BR-5368","YM/BX","DCB territorial","Al Rio",2018-01-06,2018-01-06 07:49:00,"8:22",2018-01-06 08:25:00,2018-01-06 08:29:00,"8:31","8:33","G","PFT8_PVN_run2","territorial","2018",36,"2018_run2","DCB",""
"PFT8_TNA_run2","Ryder_144_RNAseq_2","run2","PFT8_TNA","PFT8","TNA","PFT8_TNA_TACCGAGG-CCTGAACT_run2",21328524,"BR-5368","YM/BX","DCB territorial","Al Rio",2018-01-06,2018-01-06 07:49:00,"8:22",2018-01-06 08:25:00,2018-01-06 08:29:00,"8:31","8:33","G","PFT8_TNA_run2","territorial","2018",36,"2018_run2","DCB",""
"PFT8_VMH_run1","Ryder_144_RNAseq","run1","PFT8_VMH","PFT8","VMH","PFT8_VMH_CTACGACA-GAGTCCAA_run1",23389549,"BR-5368","YM/BX","DCB territorial","Al Rio",2018-01-06,2018-01-06 07:49:00,"8:22",2018-01-06 08:25:00,2018-01-06 08:29:00,"8:31","8:33","G","PFT8_VMH_run1","territorial","2018",36,"2018_run1","DCB",""
"PFT9_AH_run2","Ryder_144_RNAseq_2","run2","PFT9_AH","PFT9","AH","PFT9_AH_CCTTCACC-GACGCTCC_run2",20486238,"BR-5281","PP/PX","SCB floater","P75",2018-01-09,2018-01-09 09:44:00,"9:50",2018-01-09 09:54:00,2018-01-09 09:59:00,"10:00","10:03","E","PFT9_AH_run2","floater","2018",10,"2018_run2","SCB",""
"PFT9_AI_run1","Ryder_144_RNAseq","run1","PFT9_AI","PFT9","AI","PFT9_AI_AATCCGGA-CTACAGTT_run1",20446510,"BR-5281","PP/PX","SCB floater","P75",2018-01-09,2018-01-09 09:44:00,"9:50",2018-01-09 09:54:00,2018-01-09 09:59:00,"10:00","10:03","E","PFT9_AI_run1","floater","2018",10,"2018_run1","SCB",""
"PFT9_BSTm_run2","Ryder_144_RNAseq_2","run2","PFT9_BSTm","PFT9","BSTm","PFT9_BSTm_AACGTTCC-GGAGTACT_run2",19097739,"BR-5281","PP/PX","SCB floater","P75",2018-01-09,2018-01-09 09:44:00,"9:50",2018-01-09 09:54:00,2018-01-09 09:59:00,"10:00","10:03","E","PFT9_BSTm_run2","floater","2018",10,"2018_run2","SCB",""
"PFT9_GCT_run2","Ryder_144_RNAseq_2","run2","PFT9_GCT","PFT9","GCT","PFT9_GCT_GCACGGAC-GTCTCGCA_run2",24833791,"BR-5281","PP/PX","SCB floater","P75",2018-01-09,2018-01-09 09:44:00,"9:50",2018-01-09 09:54:00,2018-01-09 09:59:00,"10:00","10:03","E","PFT9_GCT_run2","floater","2018",10,"2018_run2","SCB",""
"PFT9_GON_run1","Ryder_144_RNAseq","run1","PFT9_GON","PFT9","GON","PFT9_GON_GCACGGAC-GTCTCGCA_run1",22089950,"BR-5281","PP/PX","SCB floater","P75",2018-01-09,2018-01-09 09:44:00,"9:50",2018-01-09 09:54:00,2018-01-09 09:59:00,"10:00","10:03","E","PFT9_GON_run1","floater","2018",10,"2018_run1","SCB",""
"PFT9_LS_run2","Ryder_144_RNAseq_2","run2","PFT9_LS","PFT9","LS","PFT9_LS_GCAGAATT-ACCGGCCA_run2",25000658,"BR-5281","PP/PX","SCB floater","P75",2018-01-09,2018-01-09 09:44:00,"9:50",2018-01-09 09:54:00,2018-01-09 09:59:00,"10:00","10:03","E","PFT9_LS_run2","floater","2018",10,"2018_run2","SCB",""
"PFT9_PIT_run1","Ryder_144_RNAseq","run1","PFT9_PIT","PFT9","PIT","PFT9_PIT_ATGTAAGT-ACTCTATG_run1",22665323,"BR-5281","PP/PX","SCB floater","P75",2018-01-09,2018-01-09 09:44:00,"9:50",2018-01-09 09:54:00,2018-01-09 09:59:00,"10:00","10:03","E","PFT9_PIT_run1","floater","2018",10,"2018_run1","SCB",""
"PFT9_POM_run1","Ryder_144_RNAseq","run1","PFT9_POM","PFT9","POM","PFT9_POM_CGGCGTGA-GCGCCTGT_run1",23127499,"BR-5281","PP/PX","SCB floater","P75",2018-01-09,2018-01-09 09:44:00,"9:50",2018-01-09 09:54:00,2018-01-09 09:59:00,"10:00","10:03","E","PFT9_POM_run1","floater","2018",10,"2018_run1","SCB",""
"PFT9_PVN_run2","Ryder_144_RNAseq_2","run2","PFT9_PVN","PFT9","PVN","PFT9_PVN_ATGAGGCC-GTTAATTG_run2",21361709,"BR-5281","PP/PX","SCB floater","P75",2018-01-09,2018-01-09 09:44:00,"9:50",2018-01-09 09:54:00,2018-01-09 09:59:00,"10:00","10:03","E","PFT9_PVN_run2","floater","2018",10,"2018_run2","SCB",""
"PFT9_TNA_run2","Ryder_144_RNAseq_2","run2","PFT9_TNA","PFT9","TNA","PFT9_TNA_ATGTAAGT-ACTCTATG_run2",20933533,"BR-5281","PP/PX","SCB floater","P75",2018-01-09,2018-01-09 09:44:00,"9:50",2018-01-09 09:54:00,2018-01-09 09:59:00,"10:00","10:03","E","PFT9_TNA_run2","floater","2018",10,"2018_run2","SCB",""
"PFT9_VMH_run1","Ryder_144_RNAseq","run1","PFT9_VMH","PFT9","VMH","PFT9_VMH_TAATACAG-ATATTCAC_run1",21463157,"BR-5281","PP/PX","SCB floater","P75",2018-01-09,2018-01-09 09:44:00,"9:50",2018-01-09 09:54:00,2018-01-09 09:59:00,"10:00","10:03","E","PFT9_VMH_run1","floater","2018",10,"2018_run1","SCB",""
"TF1_AI_pilot","Ryder_RNAseq","pilot","TF1_AI","TF1","AI","TF1_AI_TCTCGCGC-AGGCGAAG_pilot",19493157,"UB","UB","SCB floater","P1900",2015-12-20,2015-12-20 10:01:00,"10:17",2015-12-20 10:19:00,2015-12-20 10:23:00,"10:27","10:31","F","TF1_AI_pilot","floater","2015",18,"2015_pilot","SCB",""
"TF1_BSTM_pilot","Ryder_RNAseq","pilot","TF1_BSTM","TF1","BSTm","TF1_BSTM_TCTCGCGC-TATAGCCT_pilot",19375006,"UB","UB","SCB floater","P1900",2015-12-20,2015-12-20 10:01:00,"10:17",2015-12-20 10:19:00,2015-12-20 10:23:00,"10:27","10:31","F","TF1_BSTM_pilot","floater","2015",18,"2015_pilot","SCB",""
"TF1_GCT_pilot","Ryder_RNAseq","pilot","TF1_GCT","TF1","GCT","TF1_GCT_TCTCGCGC-GTACTGAC_pilot",17924748,"UB","UB","SCB floater","P1900",2015-12-20,2015-12-20 10:01:00,"10:17",2015-12-20 10:19:00,2015-12-20 10:23:00,"10:27","10:31","F","TF1_GCT_pilot","floater","2015",18,"2015_pilot","SCB",""
"TF1_GON_pilot","Ryder_RNAseq","pilot","TF1_GON","TF1","GON","TF1_GON_CGGCTATG-AGGCGAAG_pilot",16905547,"UB","UB","SCB floater","P1900",2015-12-20,2015-12-20 10:01:00,"10:17",2015-12-20 10:19:00,2015-12-20 10:23:00,"10:27","10:31","F","TF1_GON_pilot","floater","2015",18,"2015_pilot","SCB",""
"TF1_ICO_pilot","Ryder_RNAseq","pilot","TF1_ICO","TF1","ICO","TF1_ICO_AGCGATAG-TATAGCCT_pilot",28879526,"UB","UB","SCB floater","P1900",2015-12-20,2015-12-20 10:01:00,"10:17",2015-12-20 10:19:00,2015-12-20 10:23:00,"10:27","10:31","F","TF1_ICO_pilot","floater","2015",18,"2015_pilot","SCB",""
"TF1_LS_pilot","Ryder_RNAseq","pilot","TF1_LS","TF1","LS","TF1_LS_AGCGATAG-GGCTCTGA_pilot",25197181,"UB","UB","SCB floater","P1900",2015-12-20,2015-12-20 10:01:00,"10:17",2015-12-20 10:19:00,2015-12-20 10:23:00,"10:27","10:31","F","TF1_LS_pilot","floater","2015",18,"2015_pilot","SCB",""
"TF1_POM_pilot","Ryder_RNAseq","pilot","TF1_POM","TF1","POM","TF1_POM_TCCGCGAA-TATAGCCT_pilot",25661470,"UB","UB","SCB floater","P1900",2015-12-20,2015-12-20 10:01:00,"10:17",2015-12-20 10:19:00,2015-12-20 10:23:00,"10:27","10:31","F","TF1_POM_pilot","floater","2015",18,"2015_pilot","SCB",""
"TF1_TNA_pilot","Ryder_RNAseq","pilot","TF1_TNA","TF1","TNA","TF1_TNA_CGGCTATG-TATAGCCT_pilot",21585936,"UB","UB","SCB floater","P1900",2015-12-20,2015-12-20 10:01:00,"10:17",2015-12-20 10:19:00,2015-12-20 10:23:00,"10:27","10:31","F","TF1_TNA_pilot","floater","2015",18,"2015_pilot","SCB",""
"TF1_VMH_pilot","Ryder_RNAseq","pilot","TF1_VMH","TF1","VMH","TF1_VMH_TCCGCGAA-AGGCGAAG_pilot",32806460,"UB","UB","SCB floater","P1900",2015-12-20,2015-12-20 10:01:00,"10:17",2015-12-20 10:19:00,2015-12-20 10:23:00,"10:27","10:31","F","TF1_VMH_pilot","floater","2015",18,"2015_pilot","SCB",""
"TF2_AI_pilot","Ryder_RNAseq","pilot","TF2_AI","TF2","AI","TF2_AI_TCTCGCGC-TAATCTTA_pilot",19471827,"UB","UB","SCB floater","Al Rio",2015-12-22,2015-12-22 07:27:00,"7:48",2015-12-22 07:57:00,2015-12-22 08:01:00,"8:03","8:06","G","TF2_AI_pilot","floater","2015",30,"2015_pilot","SCB",""
"TF2_BSTM_pilot","Ryder_RNAseq","pilot","TF2_BSTM","TF2","BSTm","TF2_BSTM_TCTCGCGC-ATAGAGGC_pilot",24673298,"UB","UB","SCB floater","Al Rio",2015-12-22,2015-12-22 07:27:00,"7:48",2015-12-22 07:57:00,2015-12-22 08:01:00,"8:03","8:06","G","TF2_BSTM_pilot","floater","2015",30,"2015_pilot","SCB",""
"TF2_GON_pilot","Ryder_RNAseq","pilot","TF2_GON","TF2","GON","TF2_GON_CGGCTATG-TAATCTTA_pilot",32213367,"UB","UB","SCB floater","Al Rio",2015-12-22,2015-12-22 07:27:00,"7:48",2015-12-22 07:57:00,2015-12-22 08:01:00,"8:03","8:06","G","TF2_GON_pilot","floater","2015",30,"2015_pilot","SCB",""
"TF2_POM_pilot","Ryder_RNAseq","pilot","TF2_POM","TF2","POM","TF2_POM_TCCGCGAA-ATAGAGGC_pilot",25634578,"UB","UB","SCB floater","Al Rio",2015-12-22,2015-12-22 07:27:00,"7:48",2015-12-22 07:57:00,2015-12-22 08:01:00,"8:03","8:06","G","TF2_POM_pilot","floater","2015",30,"2015_pilot","SCB",""
"TF2_TNA_pilot","Ryder_RNAseq","pilot","TF2_TNA","TF2","TNA","TF2_TNA_CGGCTATG-ATAGAGGC_pilot",28039391,"UB","UB","SCB floater","Al Rio",2015-12-22,2015-12-22 07:27:00,"7:48",2015-12-22 07:57:00,2015-12-22 08:01:00,"8:03","8:06","G","TF2_TNA_pilot","floater","2015",30,"2015_pilot","SCB",""
"TF2_VMH_pilot","Ryder_RNAseq","pilot","TF2_VMH","TF2","VMH","TF2_VMH_TCCGCGAA-TAATCTTA_pilot",24496927,"UB","UB","SCB floater","Al Rio",2015-12-22,2015-12-22 07:27:00,"7:48",2015-12-22 07:57:00,2015-12-22 08:01:00,"8:03","8:06","G","TF2_VMH_pilot","floater","2015",30,"2015_pilot","SCB",""
"TT1_AI_pilot","Ryder_RNAseq","pilot","TT1_AI","TT1","AI","TT1_AI_TCTCGCGC-CAGGACGT_pilot",20218814,"BR-5193","GX/MW","DCB territorial","P1900",2015-12-20,2015-12-20 09:30:00,"9:43",2015-12-20 09:44:00,2015-12-20 09:50:00,"9:53","9:54","H","TT1_AI_pilot","territorial","2015",14,"2015_pilot","DCB",""
"TT1_BSTM_pilot","Ryder_RNAseq","pilot","TT1_BSTM","TT1","BSTm","TT1_BSTM_TCTCGCGC-CCTATCCT_pilot",23459337,"BR-5193","GX/MW","DCB territorial","P1900",2015-12-20,2015-12-20 09:30:00,"9:43",2015-12-20 09:44:00,2015-12-20 09:50:00,"9:53","9:54","H","TT1_BSTM_pilot","territorial","2015",14,"2015_pilot","DCB",""
"TT1_GON_pilot","Ryder_RNAseq","pilot","TT1_GON","TT1","GON","TT1_GON_CGGCTATG-CAGGACGT_pilot",22706132,"BR-5193","GX/MW","DCB territorial","P1900",2015-12-20,2015-12-20 09:30:00,"9:43",2015-12-20 09:44:00,2015-12-20 09:50:00,"9:53","9:54","H","TT1_GON_pilot","territorial","2015",14,"2015_pilot","DCB",""
"TT1_ICO_pilot","Ryder_RNAseq","pilot","TT1_ICO","TT1","ICO","TT1_ICO_AGCGATAG-ATAGAGGC_pilot",52344603,"BR-5193","GX/MW","DCB territorial","P1900",2015-12-20,2015-12-20 09:30:00,"9:43",2015-12-20 09:44:00,2015-12-20 09:50:00,"9:53","9:54","H","TT1_ICO_pilot","territorial","2015",14,"2015_pilot","DCB",""
"TT1_LS_pilot","Ryder_RNAseq","pilot","TT1_LS","TT1","LS","TT1_LS_AGCGATAG-AGGCGAAG_pilot",25250265,"BR-5193","GX/MW","DCB territorial","P1900",2015-12-20,2015-12-20 09:30:00,"9:43",2015-12-20 09:44:00,2015-12-20 09:50:00,"9:53","9:54","H","TT1_LS_pilot","territorial","2015",14,"2015_pilot","DCB",""
"TT1_POM_pilot","Ryder_RNAseq","pilot","TT1_POM","TT1","POM","TT1_POM_TCCGCGAA-CCTATCCT_pilot",36143982,"BR-5193","GX/MW","DCB territorial","P1900",2015-12-20,2015-12-20 09:30:00,"9:43",2015-12-20 09:44:00,2015-12-20 09:50:00,"9:53","9:54","H","TT1_POM_pilot","territorial","2015",14,"2015_pilot","DCB",""
"TT1_TNA_pilot","Ryder_RNAseq","pilot","TT1_TNA","TT1","TNA","TT1_TNA_CGGCTATG-CCTATCCT_pilot",28209210,"BR-5193","GX/MW","DCB territorial","P1900",2015-12-20,2015-12-20 09:30:00,"9:43",2015-12-20 09:44:00,2015-12-20 09:50:00,"9:53","9:54","H","TT1_TNA_pilot","territorial","2015",14,"2015_pilot","DCB",""
"TT1_VMH_pilot","Ryder_RNAseq","pilot","TT1_VMH","TT1","VMH","TT1_VMH_TCCGCGAA-CAGGACGT_pilot",25597883,"BR-5193","GX/MW","DCB territorial","P1900",2015-12-20,2015-12-20 09:30:00,"9:43",2015-12-20 09:44:00,2015-12-20 09:50:00,"9:53","9:54","H","TT1_VMH_pilot","territorial","2015",14,"2015_pilot","DCB",""
"TT2_BSTM_pilot","Ryder_RNAseq","pilot","TT2_BSTM","TT2","BSTm","TT2_BSTM_TCTCGCGC-GGCTCTGA_pilot",22833810,"BR-5210","GW/OX","DCB territorial","Al Rio",2015-12-22,2015-12-22 08:24:00,"8:59",2015-12-22 08:59:00,2015-12-22 09:04:00,"9:05","9:08","I","TT2_BSTM_pilot","territorial","2015",35,"2015_pilot","DCB",""
"TT2_GON_pilot","Ryder_RNAseq","pilot","TT2_GON","TT2","GON","TT2_GON_CGGCTATG-GTACTGAC_pilot",32455212,"BR-5210","GW/OX","DCB territorial","Al Rio",2015-12-22,2015-12-22 08:24:00,"8:59",2015-12-22 08:59:00,2015-12-22 09:04:00,"9:05","9:08","I","TT2_GON_pilot","territorial","2015",35,"2015_pilot","DCB",""
"TT2_ICO_pilot","Ryder_RNAseq","pilot","TT2_ICO","TT2","ICO","TT2_ICO_AGCGATAG-CCTATCCT_pilot",25980223,"BR-5210","GW/OX","DCB territorial","Al Rio",2015-12-22,2015-12-22 08:24:00,"8:59",2015-12-22 08:59:00,2015-12-22 09:04:00,"9:05","9:08","I","TT2_ICO_pilot","territorial","2015",35,"2015_pilot","DCB",""
"TT2_LS_pilot","Ryder_RNAseq","pilot","TT2_LS","TT2","LS","TT2_LS_AGCGATAG-TAATCTTA_pilot",28089457,"BR-5210","GW/OX","DCB territorial","Al Rio",2015-12-22,2015-12-22 08:24:00,"8:59",2015-12-22 08:59:00,2015-12-22 09:04:00,"9:05","9:08","I","TT2_LS_pilot","territorial","2015",35,"2015_pilot","DCB",""
"TT2_POM_pilot","Ryder_RNAseq","pilot","TT2_POM","TT2","POM","TT2_POM_TCCGCGAA-GGCTCTGA_pilot",28640235,"BR-5210","GW/OX","DCB territorial","Al Rio",2015-12-22,2015-12-22 08:24:00,"8:59",2015-12-22 08:59:00,2015-12-22 09:04:00,"9:05","9:08","I","TT2_POM_pilot","territorial","2015",35,"2015_pilot","DCB",""
"TT2_TNA_pilot","Ryder_RNAseq","pilot","TT2_TNA","TT2","TNA","TT2_TNA_CGGCTATG-GGCTCTGA_pilot",21062586,"BR-5210","GW/OX","DCB territorial","Al Rio",2015-12-22,2015-12-22 08:24:00,"8:59",2015-12-22 08:59:00,2015-12-22 09:04:00,"9:05","9:08","I","TT2_TNA_pilot","territorial","2015",35,"2015_pilot","DCB",""
"TT2_VMH_pilot","Ryder_RNAseq","pilot","TT2_VMH","TT2","VMH","TT2_VMH_TCCGCGAA-GTACTGAC_pilot",25593929,"BR-5210","GW/OX","DCB territorial","Al Rio",2015-12-22,2015-12-22 08:24:00,"8:59",2015-12-22 08:59:00,2015-12-22 09:04:00,"9:05","9:08","I","TT2_VMH_pilot","territorial","2015",35,"2015_pilot","DCB",""
